column_label,Number of amino acids,Molecular weight,Theoretical pI,Total number of negatively charged residues (Asp + Glu),Total number of positively charged residues (Arg + Lys),Total number of atoms,Instability index,Grand average of hydropathicity (GRAVY),Aliphatic index,ExtCoefficientALLcys,ExtCoefficientALLcysAbs,ExtCoefficientReducedCys,ExtCoefficientReducedCysAbs,#Ala,#Arg,#Asn,#Asp,#Cys,#Gln,#Glu,#Gly,#His,#Ile,#Leu,#Lys,#Met,#Phe,#Pro,#Ser,#Thr,#Trp,#Tyr,#Val,ECL2_Number of amino acids,ECL2_Molecular weight,ECL2_Theoretical pI,ECL2_Total number of negatively charged residues (Asp + Glu),ECL2_Total number of positively charged residues (Arg + Lys),ECL2_Total number of atoms,ECL2_Instability index,ECL2_Grand average of hydropathicity (GRAVY),ECL2_Aliphatic index,ECL2_ExtCoefficientALLcys,ECL2_ExtCoefficientALLcysAbs,ECL2_ExtCoefficientReducedCys,ECL2_ExtCoefficientReducedCysAbs,ECL2#Ala,ECL2#Arg,ECL2#Asn,ECL2#Asp,ECL2#Cys,ECL2#Gln,ECL2#Glu,ECL2#Gly,ECL2#His,ECL2#Ile,ECL2#Leu,ECL2#Lys,ECL2#Met,ECL2#Phe,ECL2#Pro,ECL2#Ser,ECL2#Thr,ECL2#Trp,ECL2#Tyr,ECL2#Val,BinidngSite1 accptr volume,BinidngSite1 donor volume,BinidngSite1 hydrophilic volume,BinidngSite1 Hydrophobic volume,BindingSite1 surface colume,BindingSite1SiteScore,BindingSite1size,BindingSite1Dscore,BindingSite1volume,BindingSite1exposure,BindingSite1enclosure,BindingSite1contact,BindingSite1phobic,BindingSite1philic,BindingSite1balance,BindingSite1don/acc,AGGRESCAN_Nr_hotspots,AGGRESCAN_a3v_value,Aa_Composition,Aa_Composition_Swissprot,Aa_Flexibility_VTR,All_AggScore,All_Aggrescan_a4v,All_Aggrescan_a4v_pos,All_Aromatic_SASA,All_Atomic_Contact_Energy,All_Dipole_Moment,All_Formal_Charge,All_Greasy_SASA,All_HB_Acceptor_SASA,All_HB_Donor_SASA,All_Hydrophilic_SASA,All_Hydrophobic_Moment,All_Hydrophobic_Patch_Energy,All_Hydrophobic_Patch_Energy_gt15,All_Hydrophobic_Patch_Energy_gt30,All_Hydrophobic_SASA,All_Moment_of_Inertia,All_Negative_Patch_Energy,All_Negative_Patch_Energy_gt30,All_Negative_Patch_Energy_gt50,All_Negative_formal_SASA,All_Negative_partial_SASA,All_Positive_Patch_Energy,All_Positive_Patch_Energy_gt30,All_Positive_Patch_Energy_gt50,All_Positive_formal_SASA,All_Positive_partial_SASA,All_SASA,All_Zeta_Potential,All_Zyggregator_profile_smoothed,All_Zyggregator_profile_smoothed_pos,Alpha_Helix_Chou_Fasman,Alpha_Helix_Deleage_Roux,Alpha_Helix_Levitt,Antiparallel_Beta_Strand,Apparent_Charge_eV,Atomic_contact_energy,Average_Flexibility_BP,Avg_Area_Buried,Avg_Score_Hyd_Patches,Avg_Score_Neg_Patches,Avg_Score_Pos_Patches,Avg_Size_Hyd_Patches,Avg_Size_Neg_Patches,Avg_Size_Pos_Patches,Beta_Sheet_Chou_Fasman,Beta_Sheet_Deleage_Roux,Beta_Sheet_Levitt,Beta_Turn_Chou_Fasman,Beta_Turn_Deleage_Roux,Beta_Turn_Levitt,Bulkiness,Coil_Deleage_Roux,Connectivity,Debye_length,Dipole_X_direction,Dipole_Y_direction,Dipole_Z_direction,Dipole_moment,Disorder_Propensity_DisProt,Disorder_Propensity_FoldUnfold,Disorder_Propensity_TOP_IDP,Drag_coeffient,Electrophoretic_mobility,Exposed_agg_surf_area,Formal_Charge_eV,HPLC_Retention_Ph_2_1,HPLC_Tfa_Retention,Hplc_Hfba_Retention,Hplc_Retention_Ph_7_4,Hydrodynamic_radius,Hydrophobic_X_direction,Hydrophobic_Y_direction,Hydrophobic_Z_direction,Hydrophobicity_Abraham_Leo,Hydrophobicity_Black,Hydrophobicity_Bull_Breese,Hydrophobicity_Chothia,Hydrophobicity_Eisenberg,Hydrophobicity_Fauchere,Hydrophobicity_Guy,Hydrophobicity_Hopp_Woods,Hydrophobicity_Hplc_Parker,Hydrophobicity_Hplc_Ph_3_4_Cowan,Hydrophobicity_Hplc_Ph_7_5_Cowan,Hydrophobicity_Hplc_Wilson,Hydrophobicity_Janin,Hydrophobicity_Kyte_Doolittle,Hydrophobicity_Manavalan,Hydrophobicity_Miyazawa_Jernigan,Hydrophobicity_Rao_Argos,Hydrophobicity_Rf_Mobility,Hydrophobicity_Rose,Hydrophobicity_Roseman,Hydrophobicity_Sweet,Hydrophobicity_Tanford,Hydrophobicity_Welling,Hydrophobicity_Wolfenden,Hydrophobicity_moment_KD,Hydrophobicity_moment_Rosman,Inertia_X_direction,Inertia_Y_direction,Inertia_Z_direction,Ionic_strength,Max_Score_Hyd_Patches,Max_Score_Neg_Patches,Max_Score_Pos_Patches,Max_Size_Hyd_Patches,Max_Size_Neg_Patches,Max_Size_Pos_Patches,Molecular_Weight,Molecular_weight_kDa,Net_Charge_model_based,Net_Charge_propka_based,Nr_Hyd_Patches,Nr_Hyd_Patches_gt250,Nr_Hyd_Patches_gt500,Nr_Neg_Patches,Nr_Neg_Patches_gt250,Nr_Neg_Patches_gt500,Nr_Pos_Patches,Nr_Pos_Patches_gt250,Nr_Pos_Patches_gt500,Nr_of_hydrogen_bonds,Nr_rotatable_bonds,Number_Of_Codons,Parallel_Beta_Strand,Percentage_Accessible_Res,Percentage_Buried_Res,Polarity_Grantham,Polarity_Zimmerman,Radius_of_gyration,Ratio_Hetero_End_Side,Recognition_Factors,Refractivity,Relative_Mutability,Sedimentation_constant,Sum_Score_Hyd_Patches,Sum_Score_Neg_Patches,Sum_Score_Pos_Patches,Sum_Size_Hyd_Patches,Sum_Size_Neg_Patches,Sum_Size_Pos_Patches,Total_Beta_Strand,Total_acceptor_SASA,Total_aromatic_SASA,Total_donor_SASA,Total_hydrophil_SASA_slogp,Total_hydrophilic_SASA,Total_hydrophob_SASA_slogp,Total_hydrophobic_SASA,Total_negative_SASA,Total_positive_SASA,Transmembrane_Tendency,Volume_asa_based,Volume_vdw_based,ZYGGREGATOR_p_agg,ZYGGREGATOR_z_agg,Zeta_potential,pI_PROPKA_based,pI_model_pKa_based,Organism,Chromosome
1,299,34332.9,9.87,9,27,4999,34.39,1.047,139.2,34420,1.003,33920,0.988,17,12,9,9,8,8,6,13,9,36,50,15,9,32,9,23,6,4,8,22,35,4149.8,9.4,2,4,590,34.2,0.251,80.86,2980,0.718,,,3,1,1,1,0,3,1,1,0,3,2,3,1,6,1,2,2,0,2,2,223.939,691.704,956.232,485.23,2583.257,1.144,278,1.182,653.41,0.398,0.85,1.097,1.558,0.821,1.897,1.6,11,0.551582192,1714.5,1758.24,288.812,2736.295233,158.1916,179.9928,0.079919399,-467.5131429,1037.381401,18,0.024280208,0.011572248,0.015368657,0.216722038,1349.795285,5807.161767,5151.215094,4429.760325,0.783277962,3.010221829,1033.478116,389.8784089,261.0377442,0.005564922,0.315237127,3316.652892,2210.649782,1962.071078,0.042827425,0.68392078,15451.968,61.2178859,47.70344815,119.4249892,305.23,308.762,306.59,331.72,7.107251302,-467.5131429,121.78,40910.9,0.732524591,0.937048623,0.981609476,3963.799879,36.94779828,164.3181058,337.17,343.648,316.51,246.79,240.451,240.86,4918.41,272.704,1,95.91997051,0.002013981,0.347584159,0.937646627,1037.381401,-28.013,5786.836,-29.519,6.15E-11,0.000318934,375.177,18,1434.6,1869.1,1670.1,1460.8,36.6361287,0.082937546,0.255541472,0.963234094,280.01,195.066,-147.93,104.39,115.21,243.61,-139.6,-215.8,-567.5,178.22,179.88,919.2,30.6,315.8,3955.77,1921.63,320.87,1854.5,226.21,122.14,130.62,156.51,-128.53,-662.44,1349.795285,1003.029447,1.939761593,1.968127949,1.046892046,0.001,5659.490812,195.4222314,1442.865408,7762.767505,170.4904326,1354.325996,38730,33.53552166,19.79915428,19.87146759,2,1,1,30,0,0,21,3,3,211,1471,1067,374.39,1436.1,2060.5,2117.8,2362.49,21.27047899,112.17,25570,5237.53,20664,2.27E-13,5807.161767,1038.656505,3387.220404,7927.599758,1108.433949,3450.680221,342.23,178.814,1234.912,237.476,3348.782,3120.184,12103.186,1751.953,85.989,661.768,108.4,7126.018832,66910.57163,3.487179452,-2.051330517,61.78114747,10.51069557,10.19712443,Human,5
3,316,35914.8,9.72,15,29,5155,39.44,0.588,115.38,50795,1.414,50420,1.404,13,14,9,9,6,5,10,20,9,29,50,15,12,26,9,31,23,7,8,15,37,4503.1,9.69,4,7,638,42.33,-0.603,78.92,4470,0.993,,,1,4,2,0,0,0,4,2,2,2,3,3,0,3,0,2,3,0,3,3,158.836,577.566,748.048,319.208,2049.68,1.155,232,1.191,541.6,0.416,0.868,1.075,1.568,0.829,1.892,3.653,15,0.379831126,1769,1797.23,299.69,2330.275298,114.0756,147.031,0.077589336,-397.2322857,597.5780896,12,0.032356148,0.01407293,0.018793675,0.250960607,720.0853555,5061.581243,4444.18986,3751.205764,0.749039393,3.226119511,1600.983898,682.6208643,456.8546631,0.011520894,0.355855562,3434.7751,2324.021371,2246.425801,0.051193723,0.644144438,15968.032,40.8341194,-24.87497437,73.81521352,309.68,312.493,313.24,336.08,4.798219004,-397.2322857,127.9,41158.9,0.715116769,1.011304491,0.994438579,896.3610459,61.5696336,171.8132993,334.86,341.496,320.69,270.28,261.835,263.75,4890.62,289.243,1,95.91997051,0.744469953,0.296290014,0.598311555,597.5780896,-20.864,6050.905,-19.783,6.25E-11,0.000212747,516.664,12,1244.7,1630.8,1461.6,1263.4,37.22725981,0.041716531,0.998333322,0.039878677,222.12,186.96,-115.19,99.98,83.28,215.39,-103.96,-169.9,-276.3,136.77,128.37,781.8,12.4,192.4,4006.43,1893.38,318.82,1779.9,229.83,42.09,91.02,121.16,-131.69,-896.11,720.0853555,436.9189986,2.108874237,2.112596796,1.077771038,0.001,4393.021305,355.6294891,1482.209704,6125.088492,362.2177753,1345.233663,39898,34.53375622,13.8080349,14.94040871,8,2,1,27,1,0,21,3,2,221,1543,1121,349.48,1565.3,2016.6,2284.7,2750.2,21.52744907,140.96,26696,5250.32,21988,2.30E-13,5128.02252,1681.172469,3588.013235,7170.888368,1662.380107,3608.079285,339.1,224.717,1238.949,300.098,4007.347,3774.881,11960.685,1781.969,183.966,817.463,53.19,7453.956318,67566.06237,2.926661921,-2.30690555,41.20944606,9.871745881,9.664135217,Human,7
4,299,33840.6,9.85,7,25,4888,39.63,0.767,124.48,33265,0.983,32890,0.972,14,10,14,14,7,7,4,9,7,30,44,15,9,24,9,33,22,3,11,24,34,3635.1,4.53,2,1,521,65.13,0.456,117.35,0,0,,,1,1,3,0,0,1,2,1,0,2,5,0,0,2,2,6,4,0,0,4,200.19,298.7,521.887,250.332,1126.649,1.161,130,1.167,277.14,0.425,0.934,1.141,1.249,1.024,1.219,0.601,13,0.437551839,1747,1769.97,296.653,2252.718661,130.06,156.2692,0.068742154,-430.9490476,1556.535261,18,0.01923549,0.007908175,0.010907025,0.246543587,1879.413052,4933.47493,4384.177664,3394.50374,0.753456413,3.182429443,1267.594295,481.4274773,442.9388876,0.008591776,0.338214467,3841.714814,2676.787937,2495.996412,0.059207502,0.661785533,15855.744,61.25741989,34.3542237,106.5702055,301.21,303.976,305.55,338.8,7.214137838,-430.9490476,126.57,40370.6,0.700533839,1.061586351,1.028138354,1416.681839,40.67427838,159.4059366,341.18,347.911,321.92,268.22,254.813,259.55,4932.44,287.523,1,95.91997051,0.036439142,0.01127701,0.999272244,1556.535261,-25.247,6016.402,-17.928,6.26E-11,0.000319156,304.993,18,1211.1,1517,1361.7,1324.5,37.34282327,0.000228757,0.290865273,0.956763994,218.36,189.294,-117.04,99.9,89.51,216.57,-110,-192.6,-261.4,134.53,138.36,785.1,14.1,229.3,3978.65,1870.92,317.59,1757.2,227.43,60.32,100.5,129.9,-114.21,-826.9,1879.413052,1011.526821,2.06131899,2.072324339,1.08064557,0.001,4723.86888,159.9664381,1580.570774,6788.272713,120.3936036,1267.804455,39164,33.85911589,19.50648689,19.28302574,5,1,1,30,0,0,24,4,3,207,1518,1113,361.16,1589.6,2039.1,2242.8,2218.66,21.5753584,142.67,26606,5120.77,22535,2.24E-13,4962.167838,1295.377763,3933.392575,7083.409194,1220.228351,3825.742478,344.13,125.39,1089.958,172.939,3909.132,3721.494,11946.612,1628.518,136.229,938.779,63.69,7349.29475,66532.54157,1.965465552,-2.661128162,61.820359,10.31848582,9.95005137,Human,7
5,299,34505.2,9.86,8,27,4955,44.1,0.59,120.3,94225,2.731,93850,2.72,16,14,7,7,7,10,4,16,7,22,52,13,7,19,12,29,13,13,15,19,29,3567.9,6.75,1,1,488,65.91,-0.586,57.24,11460,3.212,,,1,1,2,0,0,3,1,1,1,1,3,0,0,3,3,3,1,1,4,0,217.161,638.663,883.214,401.792,2391.12,1.115,166,1.158,398.91,0.555,0.802,0.975,1.12,0.808,1.387,0.98,11,0.419265517,1703,1726.84,287.882,2300.622042,120.3822,141.8716,0.085514189,-422.7118095,1348.736234,17,0.026483561,0.01188447,0.015289369,0.259047674,1308.070644,5183.888119,4587.679412,3836.670598,0.740952326,3.022518189,1367.19072,504.1951769,393.2375898,0.008989293,0.352643425,3898.259014,2898.370665,2597.80845,0.058649384,0.647356575,15745.843,57.82302616,30.16233438,99.2789487,293.14,296.853,297.05,329.19,6.729050661,-422.7118095,122.63,39899.3,0.702262979,0.997906661,1.071253205,2463.223116,43.10292458,194.9342246,326.12,326.757,306.03,264.86,253.37,257.96,4761.13,280.096,1,95.91997051,0.003398077,0.137065666,0.990556135,1348.736234,-22.277,5982.257,-20.259,6.13E-11,0.00030125,417.006,17,1305.8,1740.5,1542.4,1320.8,36.55745824,0.146176929,0.272629566,0.950949749,238.41,186.051,-123.87,93.62,85.85,220.35,-89.47,-202.2,-351.1,140.65,140.79,850.4,10.2,177.4,3856.31,1810.72,302.99,1758.9,220.51,83.43,95.88,126.49,-79.77,-817.61,1308.070644,1407.620675,1.967647391,1.957787603,1.072033678,0.001,4998.903638,131.2324762,1184.596548,7114.279951,113.7161213,1047.915036,38638,33.49351952,18.55677986,18.72480965,3,1,1,33,0,0,19,4,2,195,1464,1094,333.04,1516.4,1977.9,2155.6,2258.82,21.32079281,127.67,25776,5166.25,20154,2.27E-13,5189.491211,1419.418953,3967.654345,7389.669348,1422.396511,3703.750268,329.83,187.131,1346.493,240.744,4078.924,3879.158,11666.919,1713.617,141.544,923.484,63.05,7321.553872,65989.74132,3.696180345,-1.949514653,58.35494537,10.27609888,9.890273556,Human,7
7,318,36549.9,9.69,16,35,5266,35.88,0.663,122.96,56545,1.547,55920,1.53,21,16,11,11,11,6,7,11,8,31,49,19,8,26,7,25,17,8,8,20,38,4484.1,10.2,2,8,632,14.04,-0.713,64.21,5625,1.254,5500,1.227,3,3,5,1,2,1,1,0,1,0,4,5,0,3,0,2,4,1,0,2,357.677,925.4,1326.164,667.959,4035.873,1.149,308,1.156,651.01,0.405,0.914,1.194,1.822,1.019,1.788,1.134,13,0.402524752,1773.6,1804.53,300.121,2425.389281,120.2516,152.4618,0.074752649,-451.8409524,926.830252,15,0.025295386,0.015260549,0.015087507,0.259479704,459.8786756,5417.406973,4865.066702,3842.691173,0.740520296,3.247100303,1847.597776,970.1011494,841.1287339,0.015410934,0.356809936,4359.947393,3352.966373,3152.664191,0.066793206,0.643190064,16198.369,51.0558835,1.310409034,92.30641468,313.58,319.128,317.38,339.53,6.033381269,-451.8409524,127.02,41521.1,0.715594508,1.021301603,1.066352909,3785.249129,70.59894655,273.6937335,339.89,345.316,321.03,267.26,256.456,258.3,4992.36,286.723,1,95.91997051,0.061988639,0.220746026,0.973359441,926.830252,-27.979,6114.155,-22.174,6.23E-11,0.000266008,409.744,15,1241.3,1641.9,1444.4,1255.6,37.10652856,0.033942874,0.999392957,0.007848534,228.87,189.595,-116.92,101.95,82.81,220.44,-107.63,-166.6,-318.1,144.28,133.25,824.5,13.7,224.3,4043.26,1913.45,318.21,1766.2,231.41,41.9,93.66,127.06,-91.03,-894.67,459.8786756,324.0516806,2.110814452,2.128455847,1.099587814,0.001,5365.778954,397.6057929,1341.601811,7468.339382,426.5784608,1338.292107,40120,34.74123724,16.40885544,16.07193184,2,1,1,27,1,0,15,6,3,220,1541,1107,360.75,1562.6,2045.6,2283.6,2934.26,21.6492066,144.42,26719,5433.02,21824,2.32E-13,5417.406973,1946.776066,4377.811634,7570.498259,1906.171557,4105.406002,344.63,247.196,1210.871,244.393,4203.148,3991.471,11995.221,1712.333,249.632,1081.941,46.63,7555.090932,68106.15697,9.240927393,0.024815496,51.52493393,10.09565375,9.478286879,Human,12
8,309,35877.3,9.66,13,29,5194,34.57,0.817,130.26,63745,1.777,63370,1.766,17,10,14,14,6,4,6,9,8,42,39,19,10,26,8,20,19,8,13,24,38,4580.3,9.05,3,5,649,53.47,0.011,92.37,2980,0.651,2980,0.651,2,2,2,1,1,0,2,0,3,4,3,3,1,4,2,2,2,0,2,2,384.445,761.297,1192.162,330.476,2314.401,1.126,219,1.135,439.73,0.403,0.882,1.124,1.064,1.026,1.036,1.709,13,0.488208609,1710.9,1745.76,298.871,2502.995724,145.5478,166.3468,0.091333119,-458.0119048,647.7373412,14,0.026480748,0.011863692,0.009558691,0.255831613,1122.238092,5505.9778,4950.352176,4159.10553,0.744168387,3.243244398,1748.173083,848.2983788,660.3589292,0.011241196,0.357532793,3805.387157,2920.54369,2539.598876,0.057902867,0.642467207,15855.519,47.64478638,55.92550756,118.1509316,310.6,312.339,311.18,348.06,5.611336498,-458.0119048,126.66,41981.6,0.720931307,1.041088504,1.056835201,1923.780316,68.67048672,164.8100296,350.4,357.283,330.24,261.61,246.396,253.92,5108.73,287.253,1,95.91997051,0.014423499,0.424165719,0.905469715,647.7373412,-31.821,6145.868,-30.342,6.29E-11,0.000248233,419.866,14,1430.6,1659,1555.4,1461.2,37.47312604,0.217480241,0.723826404,0.65481118,257.65,195.762,-138.92,103.33,103.09,233.85,-123.55,-207,-415.8,156.12,152.43,846.8,15.5,245.6,4056.01,1929.12,318.98,1841.6,231.41,83.8,116.91,144.37,-135.23,-828.13,1122.238092,831.7626655,2.109066933,2.103380288,1.121854063,0.001,5049.069351,570.9765616,841.892383,6915.729663,483.2050412,747.332613,40437,35.07576154,15.82012463,17.12039185,4,2,1,26,1,0,22,4,3,207,1532,1046,382.04,1534.5,1999.2,2250.8,2638.61,21.57660562,122.85,26597,5451.47,22320,2.32E-13,5547.653835,1858.793412,3831.894897,7695.121266,1785.432655,3625.820652,356.48,188.105,1448.134,151.558,4056.343,3857.205,11799.176,1721.911,178.235,918.08,74.92,7394.110058,69497.50171,4.154718543,-1.851901244,48.08262688,9.889783273,9.669816393,Human,12
9,312,35611.3,9.83,14,30,5190,37.27,0.912,137.72,47815,1.343,47440,1.332,13,12,12,12,6,3,6,14,7,41,48,18,10,27,12,26,12,7,6,24,35,4281.9,8.35,4,5,603,17.7,-0.574,72.29,12490,2.917,,,0,0,2,2,0,1,2,1,2,2,3,5,1,3,1,2,3,2,1,2,48.258,88.282,138.82,264.297,526.466,1.111,105,1.72,271.66,0.551,0.764,0.957,1.842,0.696,2.645,0.702,15,0.49911,1757.3,1800.6,297.244,2372.281227,147.6328,171.2422,0.07762917,-455.2507619,895.9543485,11,0.025012795,0.009370097,0.007843647,0.234471318,479.9249319,5274.993692,4719.454202,3825.662016,0.765528682,3.122072011,1674.659636,819.0327148,705.5475388,0.015688987,0.334719634,3306.970232,2205.407289,1986.406322,0.04639332,0.665280366,15359.819,37.42372724,57.84823497,119.7861858,308.49,308.684,309.45,337.01,4.377992083,-455.2507619,126.89,41215.5,0.726255301,1.079769462,0.99179042,1522.216722,48.34280972,145.2366601,342.55,351.929,324.31,262.47,251.281,255.93,5018.6,285.817,1,95.91997051,0.265530833,0.108229165,0.958008259,895.9543485,-27.84,6099.045,-25.919,6.14E-11,0.000194976,384.192,11,1426.4,1721.3,1592.6,1474.1,36.58247308,0.036782165,0.973031228,0.227721985,269.69,195.781,-142.13,105.91,113.65,239.45,-128.33,-198,-459.9,172.69,165.9,866.2,27.6,292.9,4040.59,1937.67,322.82,1859.3,230.67,93.01,112.87,158.78,-151.29,-704.77,479.9249319,575.4186777,2.027255041,2.022122734,1.070323302,0.001,5171.960974,290.6343521,794.6273237,7040.180779,195.4900466,746.7009896,39423,34.093857,12.57402706,12.75887203,5,2,1,33,0,0,23,4,2,212,1499,1091,384.41,1529.4,2101.9,2219,2517.73,21.43237956,125.94,26490,5209.21,22075,2.31E-13,5527.589818,1722.569958,3313.019547,7611.08361,1595.312721,3340.443183,348.74,143.923,1192.37,120.477,3601.437,3403.205,11758.382,1680.133,240.98,712.593,88.71,7118.970177,67805.28475,5.784093667,-1.239844953,37.76783824,9.822790597,9.689976927,Human,12
10,307,35365.3,9.55,14,27,5093,36.97,0.729,126.03,55265,1.563,54890,1.552,12,10,20,20,6,8,8,16,3,42,40,17,10,28,3,25,16,7,11,19,31,3852.4,8.27,4,5,548,33.27,-0.658,97.42,9970,2.588,,,0,0,4,3,0,1,1,0,0,3,4,5,1,1,0,1,2,1,3,1,271.714,502.036,812.454,548.543,2227.955,1.233,235,1.283,392.05,0.303,0.943,1.198,2.624,0.682,3.847,0.441,10,0.465727891,1675.9,1710.16,291.387,2442.982343,136.5768,164.3722,0.077018909,-430.5733333,875.4875393,9,0.022897296,0.013168347,0.014554282,0.271324795,725.6326976,5295.818927,4870.536511,3948.814915,0.728675205,3.028414057,1636.374805,822.9085003,591.8788703,0.015424868,0.359185888,3428.842857,2403.797839,2170.893661,0.055144573,0.640814112,15507.945,30.60828977,8.014652568,87.50114372,299.4,301.17,301.41,333.66,3.551851414,-430.5733333,125.11,40373.9,0.738876414,1.098967588,1.010582717,1808.189602,69.70359731,132.9805782,339.02,344.833,319.52,261.58,249.714,252.53,4838.51,280.06,1,95.91997051,0.14937156,0.280580102,0.948136564,875.4875393,-31.234,5880.714,-34.901,6.15E-11,0.000159463,355.09,9,1350,1564.5,1475.9,1430,36.63575757,0.00192103,0.886412383,0.462892425,241.54,188.9,-128.4,101.38,102.68,222.02,-118.67,-202.7,-358.6,155.33,142.73,828.5,20.2,235.5,3940.07,1877.96,312.02,1781.7,224.88,73.67,109.63,138.36,-190.03,-794.34,725.6326976,626.1445199,1.962220406,1.967586887,1.075950478,0.001,4954.681083,570.4524885,1039.231299,6642.582414,446.0846843,897.6057087,39026,33.8018279,9.566009521,9.63963604,4,2,1,23,1,0,26,5,2,219,1508,1021,370.06,1511.2,1979.9,2207.5,2150.32,21.26034788,131.94,25971,5163.1,22378,2.28E-13,5344.114596,1761.845866,3494.084725,7232.758407,1603.182738,3457.495032,342.63,204.214,1194.405,225.707,4207.69,4014.482,11300.255,1717.581,239.208,855.179,82.93,7233.681628,66577.11171,4.795454762,-1.570447597,30.88992589,9.6079931,9.420958609,Human,12
13,303,35118.1,9.68,14,25,5075,32.86,0.819,131.25,67045,1.909,66920,1.906,16,10,14,14,3,6,8,9,7,35,48,15,9,29,5,30,15,10,8,20,35,4351.8,5.5,5,4,591,41.59,-0.591,38.86,12490,2.87,,,0,2,2,3,0,0,2,0,1,1,1,2,3,4,0,4,5,2,1,2,198.956,628.003,852.315,387.494,1717.513,1.164,203,1.218,368.72,0.345,0.845,1.077,1.914,0.703,2.721,1.078,14,0.481558923,1733.1,1770.2,294.107,2333.724062,142.1484,167.5552,0.083899164,-467.1905714,1365.959315,8,0.026199619,0.011421381,0.011236588,0.244240508,1129.736754,5363.088178,4791.250172,4045.808891,0.755759492,3.126207277,1892.898294,912.7885148,799.4640783,0.014934141,0.342635776,3235.724673,2352.698819,2212.419012,0.053781868,0.657364224,15368.544,27.21329553,55.06671218,116.2499562,309.09,311.14,310.94,338.26,3.173278128,-467.1905714,124.43,41317.1,0.740936755,1.118328579,1.062271785,1830.285243,61.18255037,145.3399501,339.47,347.015,321.38,257.97,246.59,249.49,4970.43,280.064,1,95.91997051,0.146869287,0.130104786,0.980562164,1365.959315,-28.472,5935.187,-31.87,6.35E-11,0.000141778,402.65,8,1399.4,1793.2,1638.2,1445.2,37.8382908,0.001096205,0.99900483,0.044588656,259.11,191.548,-139.8,102.09,105.87,233.75,-126.24,-210.1,-448.2,160.94,152.48,854.3,22.8,255.3,3978.73,1910.09,319.5,1835.4,227.85,83.79,113.19,146.97,-132.92,-806.8,1129.736754,588.027112,2.043404974,2.008735366,1.093468936,0.001,4565.048555,371.8836957,1093.540356,6078.419606,266.3820779,926.5465548,39636,34.35758367,9.629771233,10.28570366,4,3,3,28,1,0,21,2,2,204,1514,1082,366.74,1527.6,2033.8,2209.6,2394,21.3635951,126.68,26303,5268.84,22208,2.25E-13,5424.502437,1915.821449,3242.201092,7321.14097,1713.11141,3052.138952,345.21,175.53,1289.408,172.69,3753.621,3571.88,11614.923,1739.887,229.516,826.549,92.22,7127.662678,67957.00628,9.064854882,0.020215797,27.46359038,9.817665608,9.536755285,Human,12
14,317,36160.1,10.12,13,33,5206,35.17,0.668,118.33,58690,1.623,58440,1.616,15,14,15,15,5,3,8,15,7,32,41,19,9,30,4,37,17,9,6,26,35,3891.3,10.05,1,4,542,56.19,-0.266,78,1490,0.383,1490,0.383,1,3,4,1,1,0,0,1,1,4,2,1,0,2,0,8,4,0,1,1,272.05,620.319,938.087,374.135,2016.372,1.185,210,1.206,478.83,0.325,0.936,1.166,1.723,0.906,1.902,1.113,12,0.444802013,1736.6,1764.35,293.19,2232.05568,130.9675,160.2318,0.075847945,-414.6997143,1220.98699,20,0.013798145,0.009050818,0.01625486,0.244920972,1013.838575,4928.563403,4423.742667,3556.874623,0.755079028,2.974155125,895.0999225,246.6607671,135.0436109,0.004630937,0.339510634,4336.844926,3217.807355,3032.821308,0.067323622,0.660489366,15327.785,68.00932739,13.60934168,96.30147833,302.51,304.955,303.92,334.3,7.868272994,-414.6997143,125.02,40279.6,0.716718606,0.940455547,1.108847742,1741.286615,56.48297219,186.2441678,337.9,348.116,321.86,262.4,252.224,251.77,4846.68,279.949,1,95.91997051,0.019534941,0.098304904,0.994964588,1220.98699,-27.475,5865.544,-25.889,6.23E-11,0.000354312,211.495,20,1216.1,1529.7,1408.6,1373.8,37.13272099,0.016269567,0.936399711,0.350557958,212.87,186.237,-114.82,101.32,91.43,213.54,-112.8,-182.2,-310.7,134.92,135.24,783.7,17.3,241.5,3951.66,1870.53,316.89,1760.7,225.92,50.71,97.76,132.19,-128.45,-830.64,1018.240015,511.3683764,1.934893275,1.925789181,1.047515785,0.001,4379.618162,190.5643904,2762.083165,6042.816582,192.9286626,2259.165026,38861,33.66689795,21.40437317,20.76451874,4,3,1,18,0,0,21,2,2,215,1511,1095,368.28,1573.6,2067.9,2229.7,2440.66,21.19678844,136.56,26397,5095.95,22330,2.24E-13,4992.050063,956.155041,4336.844926,6965.146459,1016.693499,3911.127525,342.58,138.729,1162.581,249.151,3754.096,3543.79,11573.689,1553.511,70.982,1031.922,73.38,7107.676492,66261.18251,7.66406745,-0.522201177,68.63525965,10.72279431,10.60201042,Human,12
16,291,33985.9,9.5,9,20,4884,41.71,0.813,127.94,67420,1.984,66920,1.969,12,12,11,11,8,11,6,7,9,33,46,8,11,24,8,23,23,10,8,18,37,4429.9,6.27,3,2,616,-7.45,-0.608,84.32,2980,0.673,,,1,1,3,1,0,5,2,1,3,3,4,1,1,2,1,1,4,0,2,1,262.589,576.301,850.854,436.222,2056.49,1.14,242,1.77,497.01,0.351,0.848,1.175,1.845,0.835,2.209,1.572,11,0.474494845,1638.8,1667.12,287.887,2098.999317,136.389,154.3468,0.074850266,-466.3301905,1061.956082,11,0.018681077,0.007445771,0.005497737,0.249612256,635.6066115,4929.987121,4256.554916,3076.743952,0.750387744,3.098991643,1674.074901,750.0404129,607.1790681,0.01204227,0.340835401,3665.353352,2538.729772,2085.97938,0.042443589,0.659164599,16886.767,37.4209386,45.82375248,103.1844251,299.47,302.981,303.83,339.85,4.37045074,-466.3301905,121.23,40924.8,0.6693723,1.066577929,0.961447017,1075.74584,63.15358028,142.6451531,337.72,343.051,314.88,251.65,234.913,242.79,4919.87,276.612,1,95.91997051,0.029351503,0.008914965,0.999529396,1061.956082,-28.861,5967.022,-29.947,6.51E-11,0.00019496,315.463,11,1387.3,1694.9,1575,1378.5,38.82318602,0.023683508,0.133617408,0.990749958,254.64,187.367,-130.07,98.9,97.28,239.05,-125.35,-225.3,-439.1,156.89,157.09,841.1,25.4,236.6,3903.88,1880.01,313.05,1766.6,224.46,88.84,108.69,134.29,-140.47,-840.42,635.6066115,628.8233479,2.031854034,1.885867809,1.210092432,0.001,4679.326068,261.7986779,1557.081379,6927.559804,239.8846786,1464.398631,39165,33.99739101,13.00465107,13.88406086,7,1,1,26,0,0,27,4,2,187,1495,1046,351.23,1413.6,1905.4,2137.8,2180.6,21.39717854,131.93,25810,5354.89,21257,2.17E-13,5040.521268,1751.313587,3702.935438,7530.22088,1641.993087,3851.419133,342.53,125.735,1263.979,92.839,4215.144,3976.916,12671.623,1656.417,203.355,716.735,90.16,7838.50283,66837.68506,7.293850172,-0.593475729,37.76507235,10.08771327,9.414679949,Human,7
38,333,37892.4,9.6,11,30,5413,36.66,0.762,119.73,59440,1.569,58440,1.542,23,18,13,13,16,8,4,9,9,23,54,12,11,26,7,35,17,9,6,26,39,4842.6,8.86,1,3,670,16.13,0.213,74.87,8605,1.777,8480,1.751,0,2,5,1,2,1,0,0,1,1,5,1,1,7,1,2,4,1,2,2,123.062,343.076,488.733,483.723,1846.78,1.24,123,1.312,239.41,0.414,0.912,1.232,3.085,0.539,5.726,1.942,13,0.436535948,1771.4,1794.49,301.623,2570.950108,131.7184,158.0872,0.081683487,-475.6872381,644.1092049,15,0.024979713,0.013911358,0.014536875,0.241788285,981.8549679,5444.196181,4834.711345,3988.496285,0.758211715,3.315400017,1185.565458,535.3887169,371.5021071,0.01200769,0.352005784,3447.43807,2400.41309,2103.436584,0.048150452,0.647994216,16041.137,51.07727975,48.27663295,117.2017067,313.56,320.228,320.1,344.61,6.090684118,-475.6872381,126.31,41874.2,0.720908485,0.964603216,0.976810814,1512.681543,46.626692,190.3507781,345.22,350.643,322.36,271.26,258.689,257.82,4998.19,287.851,1,95.91997051,0.348389455,0.347869824,0.870408739,644.1092049,-29.051,6141.338,-24.478,6.30E-11,0.000266128,400.703,15,1235.4,1675.3,1421.2,1259.1,37.5378589,0.360927886,0.682686706,0.635350237,240.91,193.65,-114.26,104.36,95.21,236.41,-127.78,-210.6,-359,154.78,153.36,893.3,30.8,264.1,4083.81,1953.37,330.03,1789.6,234.92,73.35,99.33,140.76,-98.41,-836.85,981.8549679,1117.120745,2.170954296,2.164135911,1.101816656,0.001,5234.875619,179.147444,1088.85685,7175.982077,188.9130724,1040.751481,40136,34.8243916,16.56570053,15.16366863,5,1,1,27,0,0,19,4,3,218,1545,1133,362.81,1537.4,2119.7,2256.9,2323.92,21.84496175,156.07,27087,5459.05,22019,2.30E-13,5452.524797,1214.358941,3532.797271,7563.407716,1258.920684,3616.664783,348.91,223.154,1310.296,233.188,3878.559,3653.871,12162.578,1753.17,192.617,772.388,79.91,7482.034378,67902.20664,6.094854575,-1.169670142,51.54615586,10.04481117,9.225807249,Human,7
39,338,38625.8,9.12,16,24,5510,41.17,0.617,116.92,69245,1.793,68870,1.783,26,11,18,18,7,7,10,11,8,35,50,13,12,27,12,34,16,9,13,13,37,4173.7,8.03,1,2,577,50.24,0.149,78.92,3105,0.744,2980,0.714,1,0,6,0,2,0,1,1,1,3,2,2,0,4,1,5,3,0,2,3,265.59,474.43,770.564,216.497,1399.155,1.171,145,1.059,321.73,0.401,0.953,1.193,0.632,1.39,0.455,0.624,11,0.431529801,1759.1,1786.27,299.469,2212.90556,129.5844,154.862,0.078234475,-477.2105714,1091.951897,6,0.025139944,0.014571537,0.013489592,0.254900017,1094.505244,4839.07995,4320.513979,3630.008519,0.745099983,3.04952596,1880.753561,1102.376302,849.7534523,0.017377584,0.344405567,2515.279072,1468.22759,1332.704234,0.031126088,0.654513149,15120.917,20.39958333,10.11615974,88.37692407,310.86,314.45,313.68,336.97,2.351721526,-477.2105714,126.8,40967.3,0.725507723,1.121309458,0.901854025,1333.984407,65.20598226,111.5603635,336.68,340.121,320.66,271.26,259.264,262.92,4903.01,289.193,1,95.91997051,0.071809203,0.024044895,0.997128518,1091.951897,-26.557,6064.838,-27.487,6.18E-11,0.000106275,380.139,6,1339,1699.9,1531.1,1400.8,36.83909669,0.322120245,0.10600867,0.940744763,251.49,193.401,-122.26,102.38,107.51,229.07,-114.94,-218.9,-337,156.2,148.09,830.1,26.9,236.7,4019.11,1908.63,325.26,1814.7,230.73,87.33,99.97,140.79,-140.66,-786.23,1094.505244,705.9856888,1.96048086,1.998635101,1.074183919,0.001,4360.845942,321.5512865,1393.059412,5900.926068,256.1506175,1391.443299,39676,34.2890898,7.569375038,7.295299053,5,2,1,27,1,0,25,1,1,207,1509,1098,359.42,1567.2,2068.4,2262.9,2069.07,21.12170671,138.72,26739,5178.08,23206,2.30E-13,4839.07995,1974.134284,2515.279072,6669.922037,1760.561521,2789.009088,342.3,220.335,1182.977,203.975,3854.322,3649.768,11266.595,1661.795,262.765,470.655,87.59,7014.342135,67297.87231,6.124073841,-1.122240148,20.58738926,9.352102018,8.919825941,Human,7
40,323,36811.8,9.95,12,29,5279,35.16,0.548,114.71,56505,1.535,56380,1.532,20,13,19,19,3,6,5,15,7,31,44,16,13,26,11,29,19,7,12,20,39,4539,5.9,3,3,627,40.47,-0.282,67.18,4470,0.985,,,0,1,6,1,0,0,2,0,0,2,1,2,1,4,2,7,2,0,3,5,582.838,813.063,1450.821,347.543,3274.298,1.081,205,1.106,821.48,0.576,0.792,0.962,0.703,0.949,0.74,1.194,13,0.370598684,1753.9,1777.05,301.861,2087.312565,113.9126,144.5038,0.075308053,-430.7999048,934.3800691,17,0.023741891,0.010749044,0.011358473,0.26650888,1092.998011,4929.30556,4276.073431,3749.892786,0.73349112,3.229707064,1612.075173,890.9227417,709.6305613,0.015160182,0.35223067,3805.575287,2692.984408,2435.863728,0.052090765,0.64776933,16033.053,57.84565382,3.34631362,85.27642302,308.58,311.561,311.19,334.6,6.790245661,-430.7999048,128.95,41201,0.715237084,1.092304731,0.968878872,6891.848414,57.08758377,147.0959905,337.74,340.915,322.41,277.77,266.801,269.36,4927.4,293.663,1,95.91997051,0.005131627,0.031810967,0.99948073,934.3800691,-21.528,6058.628,-21.387,6.22E-11,0.000301377,380.655,17,1282,1590.1,1480.1,1381.5,37.06192005,0.842563615,0.029693512,0.537777696,216.25,189.127,-111.66,99.2,81.23,208.42,-96.21,-177.5,-253.2,130.54,127.56,780,6.4,172.1,4024.14,1886.25,314.4,1786,230.01,47.1,90.79,118.32,-133.55,-916.71,1092.998011,679.7070879,2.0869913,2.125545814,1.104431648,0.001,4929.30556,182.3235579,828.5423504,6891.848414,145.5864885,780.0560064,40206,34.81096733,18.61927986,17.50920868,1,1,1,26,0,0,27,5,2,214,1544,1099,357.81,1597.6,2004.1,2321.6,2569.83,21.50562184,136.18,26919,5227.79,22930,2.32E-13,4929.30556,1621.282984,3847.991328,6891.848414,1484.277178,3971.591742,340.12,172.34,1207.418,182.111,4272.951,4071.843,11760.102,1718.58,243.064,835.174,47.19,7460.049358,68192.23035,4.553697368,-1.719312849,58.37738846,10.33878049,10.15901222,Human,7
41,307,35895.6,9.98,8,23,5140,30.57,0.674,121.3,95130,2.65,94880,2.643,17,14,11,11,4,12,4,14,10,24,53,9,6,30,9,29,12,14,12,19,37,4697.4,9.52,2,5,659,38.14,-0.492,68.38,18450,3.928,,,0,2,3,0,0,1,2,1,0,2,3,3,1,3,2,2,3,2,5,2,73.556,100.783,186.341,153.627,445.595,1.234,99,1.267,135.14,0.303,0.981,1.329,3.054,0.788,3.878,0.468,13,0.370598684,1753.9,1777.05,301.861,2026.212554,113.9126,144.5038,0.07657338,-434.1788571,948.1894214,17,0.026788825,0.010394012,0.01091075,0.269325335,1092.311201,4951.28095,4384.748958,3752.807677,0.730674665,3.21883857,1649.142187,837.2930564,670.7794443,0.015294732,0.355699781,3878.051998,2749.978743,2508.25365,0.052929949,0.644300219,16035.194,57.84289686,3.34631362,85.27642302,308.58,311.561,311.19,334.6,6.782807446,-434.1788571,128.95,41201,0.718774131,1.070068458,0.986066398,3444.253718,57.86390036,165.3835244,337.74,340.915,322.41,277.77,266.801,269.36,4927.4,293.663,1,95.91997051,0.003196856,0.032452376,0.99946817,948.1894214,-21.528,6058.628,-21.387,6.22E-11,0.000301361,429.564,17,1282,1590.1,1480.1,1381.5,37.10322256,0.848192184,0.027040018,0.528997974,216.25,189.127,-111.66,99.2,81.23,208.42,-96.21,-177.5,-253.2,130.54,127.56,780,6.4,172.1,4024.14,1886.25,314.4,1786,230.01,47.1,90.79,118.32,-133.55,-916.71,1092.311201,681.03415,2.078540381,2.117494385,1.104472636,0.001,4692.11178,198.7925083,976.6514875,6537.920223,166.6547255,910.483766,40206,34.81096733,18.61927986,17.52732658,2,2,1,27,0,0,24,5,3,211,1544,1099,357.81,1597.6,2004.1,2321.6,2569.83,21.48316694,136.18,26919,5227.79,22930,2.32E-13,4951.28095,1671.795035,3913.89927,6888.507437,1562.32531,3969.204586,340.12,166.67,1227.869,174.956,4318.684,4124.66,11716.51,1736.271,245.254,848.742,47.19,7468.719422,68192.23035,4.553697368,-1.719312849,58.37465398,10.34366409,10.15901222,Human,7
42,314,36194.5,9.64,15,26,5232,37.33,0.796,131.97,43680,1.207,43430,1.2,15,11,15,15,4,4,6,10,10,29,63,15,12,30,5,29,20,6,7,14,37,4258,4.78,5,4,627,29.24,0.411,158.11,2980,0.7,,,0,0,2,4,0,0,1,0,0,6,9,4,0,1,0,5,3,0,2,0,474.173,855.579,1384.082,523.887,4083.293,1.118,224,1.164,537.82,0.51,0.8,1.074,1.723,0.784,2.199,1.081,15,0.455311258,1796.7,1837.07,298.864,2553.616863,135.712,162.2902,0.080224535,-433.1295238,862.3073085,9,0.025114931,0.014555896,0.021481629,0.2355054,1214.245335,5695.682071,5173.634072,4433.719345,0.7644946,3.234749793,1563.681096,695.989591,439.3887014,0.010515499,0.338492161,3317.069347,2202.094628,2072.063702,0.044202917,0.661507839,15780.135,30.63023736,26.03397555,95.48989573,316.59,319.368,322.17,339.04,3.611178673,-433.1295238,125.34,42106.7,0.738671196,0.965779189,0.985981522,1951.542152,48.01155659,177.7569005,340.65,346.963,322.26,262.25,253.588,251.61,5025.44,284.22,1,95.91997051,0.002744906,0.269932692,0.962875281,862.3073085,-27.128,6009,-32.679,6.19E-11,0.000159586,396.317,9,1404.1,1948.2,1710.3,1429.2,36.8748332,0.022632895,0.78829905,0.61487589,257.34,193.016,-143.29,103.2,102.1,234.77,-136.24,-201.9,-467.8,156.95,152.32,847.1,22.7,261.7,4036.98,1953.36,327.6,1859,231.98,72.23,115.8,148.14,-102.66,-829.98,1214.245335,713.810942,2.10568102,2.115246964,1.095569597,0.001,5473.44774,215.0060927,820.1786749,7368.828256,215.0155037,779.9747678,40201,34.83439642,11.37508488,10.35273361,4,1,1,35,0,0,19,5,2,216,1550,1129,360.09,1561.6,2080.8,2248.1,2686.17,21.5987803,131.22,26614,5335.4,22110,2.34E-13,5766.191905,1622.899677,3330.035367,7806.168607,1680.404481,3377.38111,344.07,229.694,1265.954,338.983,3716.307,3490.592,12063.828,1850.506,165.936,697.528,89.89,7332.24213,68789.89263,4.110448013,-1.868303811,30.91169446,9.897863322,9.608604597,Human,12
43,309,35598.8,10.05,9,30,5134,27.88,0.656,117.93,65680,1.845,65430,1.838,16,8,18,18,5,7,7,10,7,27,43,22,12,28,9,27,18,10,7,26,33,3960.7,9.4,3,5,554,-1.6,-0.303,56.06,6990,1.765,,,1,1,3,0,0,0,3,1,0,2,1,4,5,2,0,2,4,1,1,2,324.916,865.307,1222.068,549.25,3164.283,1.134,287,1.119,548.11,0.305,0.899,1.158,1.223,1.104,1.107,0.425,14,0.438814189,1701.2,1728.24,293.2,2416.781507,129.031,151.1828,0.087948914,-400.7593333,891.4527,19,0.034069765,0.011950626,0.015209507,0.230574366,878.5427074,5499.56328,5002.71677,4021.672778,0.769425634,3.115121901,1270.780812,519.5738135,402.9146252,0.009402294,0.342751129,3794.185986,2607.109299,2486.878533,0.056451792,0.657248871,16041.085,64.63747542,17.35841191,92.6758368,306.38,308.909,309.7,332.98,7.552500968,-400.7593333,123.13,40687.3,0.727450162,0.98073835,1.056359419,1901.733762,47.62692874,135.7386837,336.72,341.723,316.58,260.02,251.65,250.5,4946.47,279.957,1,95.91997051,0.250273344,0.103445884,0.962632953,891.4527,-24.562,5874.754,-22.833,6.21E-11,0.000336757,546.516,19,1303.6,1651.9,1478.4,1359.1,37.03035886,0.027535933,0.464880795,0.884944981,226.38,189.147,-119.18,99.34,93.61,220.02,-118.5,-198,-356.8,139.07,143.32,804.7,12,218.9,3950.98,1870.64,312.33,1767.6,225.38,73.33,99.57,133.44,-114.19,-809.14,878.5427074,466.5676008,2.016247815,2.030770757,1.056809609,0.001,5253.732384,330.645298,1560.929951,7161.145262,276.9683686,1292.605753,39317,34.06759264,20.56965065,19.08672523,4,2,1,29,1,0,27,4,1,199,1502,1044,357.72,1540.3,1975.2,2225.4,2356,21.4067473,127.13,26201,5239.61,21914,2.28E-13,5533.666134,1354.577109,3871.498599,7606.93505,1381.180934,3664.94446,338.99,191.701,1410.796,243.977,3698.663,3447.478,12342.422,1990.871,150.823,905.548,64.91,7466.435337,67310.23873,6.899159797,-0.782809994,65.23187758,10.21313254,10.27284609,Human,12
44,309,35278.4,10.05,10,33,5119,28.46,0.655,123.88,57785,1.638,57410,1.627,16,11,14,14,6,8,7,12,6,24,47,22,6,25,10,26,18,8,9,31,32,3771.3,9.31,4,6,542,12.78,-0.45,97.5,8480,2.249,,,2,2,2,1,0,0,3,1,0,3,3,4,1,0,0,2,3,1,2,2,380.681,876.958,1290.54,606.406,3785.159,1.123,268,1.143,536.45,0.452,0.857,1.098,1.419,0.954,1.487,0.996,16,0.429225589,1756.3,1785.1,294.54,2222.424883,126.299,150.793,0.067662354,-419.6247619,1088.792151,21,0.020653171,0.013666099,0.014853663,0.248103817,689.531823,5082.342314,4426.740689,3569.767266,0.751896183,3.080476328,1405.920163,793.225535,608.5910968,0.011943403,0.338435821,4215.612821,2938.168086,2788.632453,0.065859461,0.661564179,15848.414,71.43768251,6.799558449,89.55616825,305.14,308.489,308.04,335.67,8.337387115,-419.6247619,124.76,40447.7,0.707618692,1.047220916,1.066820352,3648.608881,48.24038328,181.7879497,339.56,344.546,318.38,260.97,253.771,253.44,4958.35,280.854,1,95.91997051,0.095277649,0.004479237,0.995440659,1088.792151,-25.11,5950.135,-17.671,6.23E-11,0.000372184,327.32,21,1216.5,1627.4,1426.8,1269.3,37.14215342,0.084195543,0.335053624,0.938429635,220.53,188.472,-116.53,99.13,86.8,213.51,-106.44,-180.9,-313.3,135.99,137.29,815.4,8,221.4,3967.03,1858.15,311.04,1760.2,225.62,60.53,96.16,132.92,-79.89,-814.68,689.531823,538.7782751,1.989577218,1.994595814,1.070266591,0.001,5129.965994,359.7124635,2044.703787,7229.767537,274.9223205,1756.393916,39150,33.88434129,22.28232574,20.90457344,2,1,1,28,1,0,22,4,1,210,1505,1089,360.44,1577.8,2053.7,2237.5,2493.18,21.3820156,129.11,26275,5183.79,21496,2.26E-13,5163.647688,1414.513474,4266.571857,7297.217761,1350.730732,3999.334893,341.66,216.586,1072.341,235.407,3932.052,3731.435,11916.362,1605.415,189.284,1043.768,53.19,7349.19039,67004.34846,6.405974074,-0.977862585,72.09468381,10.23567621,10.24177786,Human,12
45,299,34278.2,10.06,8,29,4957,27.64,0.691,123.78,67295,1.963,66920,1.952,16,10,16,16,6,9,5,10,6,24,43,19,8,23,8,24,19,10,8,32,33,4039.7,9.4,3,5,566,5.52,-0.497,67.88,13980,3.461,,,1,2,2,1,0,1,2,1,0,2,2,3,4,0,0,1,5,2,2,2,441.37,809.111,1299.022,747.969,4235.818,1.124,333,1.16,752.2,0.418,0.828,1.057,1.583,0.848,1.867,0.7,15,0.419608696,1733.9,1758.29,296.404,2628.464817,123.5394,149.0154,0.072627484,-402.4088571,1201.01472,22,0.01996104,0.013020344,0.027311067,0.232155542,826.9273587,5667.559175,5066.731045,4211.971677,0.767844458,3.256069164,878.1614819,373.4624762,262.6197093,0.007205117,0.326421849,3861.148469,2649.395657,2215.879513,0.039382145,0.673083346,17127.965,74.91935076,-11.96652766,74.49055214,306.34,309.438,309.09,340.46,8.949037501,-402.4088571,125.31,40844.7,0.719575661,0.926385454,0.921602162,1969.062977,35.99478611,150.1123045,343.42,348.308,321.09,264.24,253.696,254.97,4996.98,283.527,1,95.91997051,0.29787318,0.052640988,0.953152923,1201.01472,-25.794,6056.289,-19.758,6.55E-11,0.000390355,341.892,22,1230.8,1577.2,1412.8,1283.7,39.03922383,0.407017621,0.258216539,0.876162585,217.98,188.806,-112.05,98.99,85.35,215.25,-105.31,-190.3,-297.9,133.85,135.91,814.1,8.2,206.7,3992.03,1867.05,311.24,1761.9,227.15,59.18,92.33,131.03,-93.06,-855.19,826.9273587,768.574199,2.06336393,2.23219438,1.166675103,0.001,5431.185716,268.1052569,1640.396288,7548.674753,264.27757,1678.007932,39601,34.28476134,23.28047943,21.67982292,4,1,1,27,1,0,28,3,2,250,1518,1076,363.05,1571.9,2031.1,2256.6,2413.93,21.88228193,131.77,26542,5265.16,21895,2.17E-13,5667.559175,900.3162498,3873.627081,7876.251907,971.859225,4203.144526,345.93,223.012,1243.961,467.783,3976.352,3756.619,13151.613,1806.404,123.409,674.536,53.41,7926.096195,67595.39346,5.494092977,-1.340534066,75.60698679,10.57127045,10.33789565,Human,12
46,309,35522.6,9.79,11,27,5137,32.23,0.699,127.09,72670,2.046,72420,2.039,17,7,18,18,5,7,9,9,8,31,46,20,8,24,9,27,17,11,8,26,33,3965.6,9.4,2,4,560,6.04,-0.297,82.73,13980,3.525,,,1,1,3,0,0,1,2,1,0,4,2,3,3,0,0,2,5,2,2,1,128.02,243.518,391.751,277.714,918.466,1.187,146,1.194,258.28,0.421,0.964,1.271,1.535,0.994,1.545,0.716,16,0.450575758,1722.4,1755.54,294.286,2593.380983,132.2042,154.8502,0.082966366,-403.7253333,1373.193321,14,0.029359071,0.012464496,0.014616462,0.222577679,760.9053699,5529.17689,5002.959548,4118.079701,0.777422321,3.143204255,1212.408031,532.6558019,417.5433417,0.009020164,0.328302626,3391.647464,2275.684597,2211.495779,0.048587284,0.671697374,15830.644,47.63644155,4.135374916,84.27290632,308.03,310.32,311.09,337.49,5.58884944,-403.7253333,123.83,40847.3,0.723013397,0.987608321,1.024063408,3823.702931,47.7182704,127.3827171,339.72,344.831,318.72,258.7,249.521,250.17,5001.78,280.709,1,95.91997051,0.105154473,0.018209395,0.994289171,1373.193321,-26.837,6027.952,-23.194,6.24E-11,0.000248186,464.773,14,1331,1674.2,1516.4,1355.9,37.20125886,0.01094847,0.698747074,0.715285018,242.24,190.733,-125.02,100.57,100.67,226.87,-118.33,-206.7,-386.9,146.84,148.73,825.3,16.6,234.3,3977.35,1881.03,313.94,1786,226.69,82.37,99.33,141.91,-107.19,-785.31,760.9053699,565.8137598,2.039717286,2.045007132,1.072174831,0.001,5471.07479,308.7782466,2130.131802,7577.333116,260.9085686,1817.761506,39404,34.13154869,15.83002663,16.79216576,2,1,1,26,1,0,26,1,1,213,1499,1056,363.89,1539.1,2018.9,2226.4,2353.66,21.49419396,126.41,26290,5248.81,22055,2.27E-13,5529.17689,1225.300984,3391.647464,7647.405862,1240.67503,3311.950645,343.94,197.321,1313.411,231.388,3523.548,3314.881,12307.096,1835.625,142.795,769.168,71.5,7343.384808,67621.99031,8.895611785,-0.043313895,48.07435009,9.99914213,9.895653498,Human,12
47,319,36792.4,10.14,10,34,5337,30.79,0.687,129.5,57785,1.571,57410,1.56,17,15,14,14,7,9,6,10,10,29,51,19,9,23,8,24,18,8,9,29,33,3995.6,6.52,4,4,551,14.63,-0.618,56.06,13980,3.499,,,1,1,2,1,0,0,3,1,1,1,2,3,4,0,0,2,5,2,2,2,241.927,494.513,797.998,293.584,2425.203,1.123,123,1.188,304.58,0.584,0.772,0.988,1.709,0.663,2.579,2.005,15,0.44338796,1735.5,1768.08,296.319,2423.046754,130.689,154.8892,0.076303023,-430.303619,1376.083502,19,0.027391519,0.014940382,0.019011106,0.250047134,754.9075093,5375.010535,4692.175595,3759.805378,0.749952866,3.245314493,1439.731768,793.3924906,586.0428121,0.011568216,0.353106373,3682.580029,2434.989706,2313.97125,0.060869675,0.646893627,16299.315,64.66917151,4.923080283,85.06689296,308.65,311.858,312.21,341.95,7.637946654,-430.303619,125.16,41261.7,0.697822149,1.039246099,0.980983446,2577.127792,51.86057958,163.9244982,344.17,349.735,321.99,259.64,249.402,250.76,5028.52,282.434,1,95.91997051,0.021405589,0.052931452,0.998368701,1376.083502,-25.471,6100.869,-21.309,6.46E-11,0.000336935,446.463,19,1278.9,1637,1485.9,1308.3,38.48590472,0.005195387,0.696720028,0.717324341,234.22,190.101,-123.24,100.35,89.91,222.74,-114.48,-194.8,-367.8,140.14,144.9,831,12.5,228.9,4007.68,1893.35,314.11,1789,228.35,69.83,102.64,134.59,-95.94,-845.27,754.9075093,760.0504356,2.083032961,2.126724204,1.106928535,0.001,5255.589186,249.0233469,1452.705611,7515.55587,228.7366621,1277.235809,39753,34.45012779,21.05445862,20.47619438,3,1,1,27,0,0,24,4,2,215,1527,1083,367.59,1536,2027.9,2239,2557.27,21.63750445,127.99,26426,5312.98,21842,2.22E-13,5395.130565,1455.189436,3859.373258,7731.383377,1400.235649,3934.187956,348.18,243.518,1243.687,309.868,4075.597,3867.16,12223.718,1760.324,188.554,992.134,63.35,7595.096522,68051.86085,7.736576254,-0.501281342,65.26331522,10.25498638,10.1377706,Human,12
48,299,33908.1,9.97,8,27,4930,23.1,0.877,136.89,57450,1.694,56950,1.68,19,10,14,14,8,8,5,8,7,28,52,17,10,18,4,27,20,9,5,27,33,3920.5,8.21,4,5,556,2.02,-0.509,88.48,12490,3.186,,,1,2,2,1,0,0,3,1,1,2,3,3,1,0,0,2,5,2,1,3,516.463,783.243,1345.252,580.731,4234.852,1.131,191,1.205,822.86,0.61,0.768,0.93,1.521,0.6,2.534,0.925,15,0.444381271,1775.1,1808.53,296.206,2602.628637,131.8722,156.846,0.059235703,-436.9357143,1079.37418,20,0.017489502,0.013696741,0.025888176,0.223414949,888.6347968,5564.918749,4996.124426,4308.47061,0.776585051,3.16809661,781.0305863,318.9865262,109.1493824,0.005126633,0.3167331,3708.187992,2391.650718,2274.611533,0.039515358,0.682290568,16834.442,68.0872582,12.53553774,94.39229929,311.96,315.288,316.42,343.06,8.078700185,-436.9357143,124.61,40855.5,0.707428006,1.027478848,0.93647332,1590.286888,30.02403055,146.0740512,343.56,350.536,320.13,257.99,247.398,247.07,4996.33,280.115,1,95.91997051,0.007077318,0.827571392,0.561315867,1079.37418,-27.102,6226.494,-23.105,6.50E-11,0.000354749,294.426,20,1221.1,1638.3,1453.5,1284.7,38.71877864,0.146482666,0.683533175,0.715070085,225.99,189.663,-117,101.71,94.17,224.83,-115.24,-196.1,-356.2,143.38,146.45,802.5,19.7,262.1,4012.9,1899.95,320.66,1779.5,228.77,63.38,94.65,140.48,-90.97,-794.96,888.6347968,849.6080835,2.278832885,1.29738742,1.77777408,0.001,5010.171731,109.1493824,1233.099026,6952.345833,69.98987724,1174.978539,39231,33.91266525,21.48824883,20.2551899,5,2,2,26,0,0,28,5,3,264,1524,1111,367.8,1564.6,2104.5,2229,2354.77,21.73683863,134.84,26542,5205.99,22179,2.17E-13,5625.067411,802.0754642,3830.24465,7951.434441,780.6247943,4090.073435,349.04,230.577,997.2,435.813,3761.066,3544.697,13073.376,1653.429,86.304,665.219,75.6,7776.017158,66882.14849,6.161290301,-1.090834468,68.71255491,10.47921771,10.27429441,Human,12
49,309,35357.7,10.06,6,27,5129,28.99,0.783,131.84,69815,1.975,69440,1.964,19,6,16,16,6,10,4,10,12,34,47,21,8,23,6,26,17,11,6,25,33,3866.4,6.43,3,3,540,43.69,-0.127,91.52,12490,3.23,12490,3.23,2,1,4,0,1,0,3,1,1,2,3,2,2,0,0,1,4,2,1,3,171.898,397.988,611.473,209.559,1203.374,1.187,132,1.129,248.33,0.394,0.973,1.33,1.318,1.211,1.088,0.65,13,0.471043624,1727.4,1764.25,294.866,2552.427433,139.0438,163.8482,0.091211611,-454.5394286,1017.796678,20,0.030563067,0.01169512,0.01095645,0.235083197,985.4923548,5534.255398,4873.406956,4155.489565,0.764916803,3.142063363,1110.801544,400.1321676,400.1321676,0.004822601,0.334344231,4182.578355,3080.023007,2868.101087,0.06134434,0.665655769,15906.977,68.05330423,22.96960437,100.0073608,310.26,312.248,313.95,343.03,7.987428849,-454.5394286,123.62,41171.4,0.706999168,0.979514744,1.05170369,2637.339026,46.26708453,159.3351441,344.37,350.495,322.54,256.25,246.641,245.42,5013.75,280.176,1,95.91997051,0.566905896,0.008431728,0.823739407,1017.796678,-27.496,6110.359,-26.487,6.22E-11,0.000354559,486.166,20,1353.6,1704.2,1569.3,1414.4,37.06287357,0.158805354,0.670692606,0.724535912,243.72,192.115,-126.07,102.09,104.88,231.75,-124.89,-217.3,-432.6,139.71,155.57,814.1,20.3,256.6,4003.97,1903.31,319.29,1801.8,228.45,91.06,103.67,146.59,-91.19,-765.22,985.4923548,616.8370501,2.015977721,2.048148014,1.096403782,0.001,5262.730683,346.7450456,1897.694236,7359.491414,265.7136261,1595.096731,39461,34.17690666,22.8534317,22.0372467,3,2,1,26,1,0,25,3,2,214,1507,1065,370.58,1539,2061.4,2219.9,2446.68,21.50281103,122.69,26380,5269.23,21964,2.28E-13,5593.789489,1178.301578,4189.333975,7912.017077,1202.944198,3983.378602,349.75,186.034,1450.901,174.284,3739.463,3537.769,12167.514,1783.706,76.713,975.803,83,7391.352717,67891.71713,7.23612953,-0.68205845,68.6788777,10.34639967,10.34506588,Human,12
50,299,34557.8,9.83,12,28,5011,31.87,0.829,136.25,61795,1.788,61420,1.777,17,12,15,15,6,5,6,9,8,27,56,16,10,23,4,23,16,9,8,23,33,3867.3,4.96,5,3,529,21.72,-0.612,56.06,8480,2.193,,,1,1,2,1,0,0,4,2,1,0,3,2,4,0,0,2,5,1,2,2,378.23,746.607,1145.42,305.571,2425.991,1.158,226,1.131,390.68,0.349,0.935,1.22,0.946,1.135,0.86,0.899,15,0.453006689,1767.4,1804.88,295.965,2582.970706,133.7474,161.832,0.079073896,-417.1889524,1127.489121,16,0.02893239,0.00880991,0.011977024,0.243570489,525.0797967,5512.640704,4934.410947,4066.575904,0.756429511,3.166567122,1626.546469,973.1624921,671.8349747,0.011924606,0.352262468,3914.379693,2671.795815,2553.216186,0.056001567,0.647737532,16196.761,54.42751785,25.98693171,111.5117549,312.81,316.944,317.28,340.76,6.349066074,-417.1889524,124.13,41667.9,0.714617904,1.130615611,1.049851121,2579.089429,60.20539037,207.9700389,342.19,347.201,319.71,258.18,248.742,247.18,5024.48,279.913,1,95.91997051,0.155440729,0.009386695,0.987800622,1127.489121,-29.008,6135.459,-29.606,6.13E-11,0.000283562,468.611,16,1328.1,1801,1593.9,1348.2,36.56643737,0.270920984,0.962076952,0.031776705,244.14,190.997,-133.08,101.2,93.39,228.41,-121.65,-197.4,-438.4,151.3,148.83,856.5,17,247.8,4014.62,1917.97,318.4,1820.3,229.3,68.96,107.87,141.13,-87.07,-842.51,525.0797967,531.0162733,2.019922607,2.055015471,1.090506464,0.001,5440.058968,464.4170025,2000.412733,7608.794852,325.0918992,1725.885183,39880,34.57431036,17.80022812,16.58338737,3,1,1,24,1,0,18,4,1,207,1535,1102,364.85,1537.5,2065.1,2226.5,2642.83,21.37165156,127.43,26386,5366,21631,2.34E-13,5529.190444,1633.659701,3930.07641,7737.268288,1444.929369,3743.4607,346.61,142.692,1280.741,193.989,3945.053,3721.635,12251.708,1798.61,193.14,907.044,77.56,7554.185255,68269.65323,8.432607358,-0.240790659,54.92809999,10.13795809,9.983153193,Human,12
60,318,36336.5,9.94,10,29,5202,42.13,0.658,112.52,74410,2.048,73910,2.034,22,15,9,9,8,6,4,15,9,20,49,14,11,28,14,27,18,11,9,23,39,4834.5,9.43,2,5,668,68.79,-0.713,67.44,11460,2.37,11460,2.37,0,3,4,1,1,2,1,2,2,2,4,2,2,2,2,2,1,1,4,1,105.526,357.298,477.951,189.485,879.367,1.184,128,1.191,245.59,0.376,0.96,1.206,1.374,0.998,1.376,1.811,14,0.419648026,1774.9,1794.62,301.132,2253.05905,126.5626,148.1826,0.094073952,-463.7259048,995.972891,20,0.032762062,0.009578809,0.010262282,0.235564448,508.4845408,5053.345764,4469.437774,3470.564461,0.764435552,3.185031406,804.2115894,85.21237461,85.21237461,0.003600879,0.346838994,4192.792423,2774.200247,2489.063552,0.059394013,0.651985912,15225.171,68.04519992,-22.0848211,68.4875915,312.14,316.666,314.29,340.28,7.96555101,-463.7259048,126.57,41735.5,0.707431346,0.863026931,0.988367687,2381.077115,43.60862829,238.19444,339.65,342.349,321.54,271.66,260.827,265.17,5000.74,291.03,1,95.91997051,0.089464145,0.099466415,0.991010898,995.972891,-23.186,6035.474,-19.924,6.23E-11,0.000354513,498.808,20,1347.4,1831.1,1590,1366,37.15385802,0.490468451,0.116295775,0.863664281,244.06,194.392,-119.9,100.54,91.43,229.83,-108.31,-202.1,-361.3,150.14,150.15,856.8,15.4,213,4040.53,1911.35,323.14,1824.5,231.95,80.97,98.41,133.88,-81.99,-838.54,508.4845408,868.7481391,2.051725614,2.089788221,1.080130101,0.001,4683.077205,170.5843675,1638.463895,6651.538902,188.3187936,1512.472494,40279,34.87138153,21.76766396,22.37372398,3,2,1,22,0,0,18,5,3,203,1515,1129,350.35,1563.3,2060.5,2262.8,2506.29,21.44666525,131.76,26897,5391.44,21364,2.32E-13,5053.345764,827.9792539,4237.626379,7143.231346,959.3898224,4287.499919,342.5,145.839,1432.292,156.245,3586.509,3373.773,11638.662,1844.393,54.824,904.284,65.78,7095.193528,68638.13419,3.165712829,-2.232810644,68.67083949,10.61451872,10.22136262,Human,7
2105,300,34416.19,9.46,14,26,4939,39.75,0.788,119.57,57785,1.679,57410,1.668,17,9,13,6,7,6,8,14,5,31,41,17,10,31,3,27,17,8,9,21,30,3715.31,10.16,3,7,522,29.96,-0.94,51.67,6990,1.881,,,0,3,2,1,0,1,2,1,1,1,0,4,2,2,0,2,2,1,1,4,307.248,434.178,754.957,277.355,1412.839,1.168,154,1.165,277.49,0.389,0.949,1.131,1.606,1.056,1.52,0.857,12,0.439003413,1687.6,1715.78,290.108,2191.007577,127.4172,159.483,0.074854655,-443.1039048,298.0922262,12,0.019952643,0.015401142,0.011467464,0.280636146,122.3698232,4966.513074,4365.454855,3529.019772,0.719363854,2.985920452,1624.244066,634.6907017,487.1873478,0.017207824,0.37061027,3549.428117,2607.998102,2233.668072,0.057051341,0.628357151,15088.427,40.80339604,22.50492016,101.7331835,302.55,305.67,304.66,331.26,4.714972298,-443.1039048,123.07,40099.3,0.722578897,0.9947663,1.039870044,1746.310908,48.00925518,131.5251106,332.91,339.953,315.61,258.44,248.593,249.34,4797.37,276.62,1,95.91997051,0.147250184,0.027732063,0.988710431,298.0922262,-27.909,5788.907,-27.73,6.14E-11,0.000212575,301.054,12,1236.4,1558.9,1383.6,1276.9,36.60206777,0.841602446,0.243640502,0.482021399,225.97,185.581,-116.21,99.87,94.02,215.75,-115.66,-185.5,-307.5,142.61,131.72,803.1,17.2,225.5,3912.33,1856.24,311.99,1738.6,223.82,58.47,99.66,132.33,-135.19,-816.61,122.3698232,225.3505953,1.978186495,1.926370135,1.03598031,0.001,4723.040325,199.7598425,1005.551085,6509.926612,200.5449482,905.3095877,38795,33.57557579,13.00209332,13.06427479,4,2,1,37,0,0,27,3,2,215,1492,1035,356.66,1524.9,1981.3,2206.6,2435.07,21.17111682,135.59,25874,5180.26,21735,2.27E-13,5047.389636,1767.045598,3692.76361,6985.243631,1776.342442,3551.177986,337.42,232.379,1129.439,173.026,4234.358,4028.641,10854.069,1544.709,259.639,860.815,66.59,7047.226908,65931.27403,5.824364164,-1.163649826,41.17897336,9.743265267,9.508739764,Mouse,6
2108,297,34202.19,10.06,8,28,4947,37.8,0.716,128.72,45755,1.338,45380,1.327,20,15,14,5,6,7,3,7,8,30,51,13,10,22,8,24,21,5,12,16,30,3489.9,4.66,4,2,484,72.42,-0.197,91,2980,0.854,,,0,2,1,3,0,1,1,2,1,4,3,0,1,2,1,4,2,0,2,0,753.274,1128.908,1938.445,847.161,6151.213,1.114,351,1.151,830.75,0.426,0.814,1.064,1.221,0.853,1.432,1.327,11,0.409831615,1716.1,1743.64,288.654,2283.521657,117.0264,146.0734,0.077919066,-402.1202857,1340.111617,20,0.029939121,0.008759306,0.008618397,0.251741762,1613.339539,5061.972737,4522.077475,3679.842139,0.748258238,3.037437402,1129.493458,368.3257263,287.8175258,0.004525283,0.348359058,4018.768365,2988.39835,2807.315213,0.060861652,0.651228618,15570.297,68.02288095,44.93901522,117.7771822,299.34,304.072,303.49,330.5,7.905112037,-402.1202857,122.28,39955.5,0.708693903,0.953911987,1.072062862,1809.520312,42.86262843,250.8540194,330.6,332.636,310.53,255.84,242.906,247.94,4836.82,277.851,1,95.91997051,0.02753617,0.069419385,0.997207455,1340.111617,-25.103,5967.643,-23.627,6.08E-11,0.000354388,466.161,20,1257.6,1671.9,1535.2,1343.6,36.23721775,0.003221796,0.852123158,0.52333139,219.9,183.379,-117.89,95.74,79.4,211.45,-98.7,-185.5,-328.6,133.67,136.03,760.6,10,206.9,3874.29,1831.6,306.96,1732.2,221.65,54.51,97.12,118.47,-88.57,-871.87,1613.339539,889.3429618,2.006847566,1.950050493,1.031831216,0.001,4981.466537,197.7125674,1074.62807,6997.206082,139.4690049,865.1461652,38596,33.42069795,21.81861115,21.08658028,4,1,1,30,0,0,15,5,4,213,1494,1093,344.3,1509.8,1958,2183.1,2412.92,21.29146039,126.75,25726,5092.34,21658,2.28E-13,5129.584049,1226.615251,4033.969172,7238.081247,1285.878853,3762.810291,333.69,136.385,1213.223,134.191,3919.694,3754.301,11650.603,1718.102,70.46,947.634,62.29,7229.564432,65718.15738,2.284746048,-2.487993174,68.64870259,10.97727495,10.33038371,Mouse,6
2109,316,36750.3,9.9,11,29,5334,45.8,0.76,136.3,55265,1.504,54890,1.494,14,14,12,5,6,10,6,8,12,32,57,15,7,25,8,26,17,7,11,24,34,4133.81,5.23,2,0,577,44.24,0.444,134.71,5960,1.442,5960,1.442,0,0,4,0,2,3,2,0,2,7,4,0,1,1,0,3,0,0,4,1,371.881,811.62,1242.653,517.745,4147.135,1.124,209,1.189,545.37,0.539,0.773,0.975,1.509,0.658,2.292,1.356,15,0.449031646,1847.4,1886.59,313.127,2761.075401,140.7982,167.4776,0.081025821,-459.6725714,1472.985566,19,0.015156365,0.01315522,0.028423176,0.241783567,1628.574211,5952.909766,5322.552532,4404.89823,0.758216433,3.756503664,1096.226469,412.4593226,231.9116855,0.006838828,0.334613042,4174.479219,3079.034662,2622.595678,0.038514983,0.664304832,17877.77,64.78067054,-11.32641592,82.95443192,326.22,330.528,331.36,363.66,7.934098445,-459.6725714,132.37,44149,0.714619783,0.974342908,0.941117274,2776.725893,49.14965157,211.9766733,363.76,368.819,340.2,273.76,261.829,264.22,5341.77,298.707,1,95.91997051,0.999976751,0.006358873,0.002462173,1472.985566,-27.937,6467.055,-25.401,6.59E-11,0.00033756,270.962,19,1411,1859,1699.6,1428.2,39.25418329,0.965410117,0.260735392,0.000601321,261.38,201.068,-142.2,105.52,93.43,241.65,-121.96,-210.5,-451.6,150.63,156.21,905.2,13.9,240.2,4234.74,2013.99,332.27,1910.6,241.97,76.41,115.47,141.55,-81.92,-937.72,1628.574211,1379.934484,1.217361939,2.538065577,2.487436719,0.001,5799.813952,175.0533676,1178.681157,8073.622352,185.5486699,1195.754273,42376,36.75384711,21.82519913,21.33209419,3,1,1,24,0,0,21,4,4,266,1628,1174,383.36,1609.9,2139.8,2355.3,2872.48,22.43480544,135.93,27937,5713.4,22739,2.32E-13,5952.909766,1149.326747,4189.393088,8330.177678,1179.591638,4451.510139,368.37,235.186,1448.561,508.143,4322.551,4122.008,13555.219,1790.215,122.263,688.562,71.73,8298.196693,72682.77764,5.606038291,-1.413203235,65.37390666,10.45976436,10.09275058,Mouse,6
2110,333,37836.54,9.58,13,24,5464,35.94,0.879,131.98,45170,1.194,44920,1.187,13,10,15,10,5,7,3,15,9,42,51,14,14,29,9,34,17,6,8,22,49,5511.16,4.22,4,1,765,35.2,0.198,89.39,4470,0.811,,,0,0,4,3,0,1,1,2,1,5,4,1,1,5,2,9,4,0,3,3,305.516,694.16,1019.301,471.511,2907.864,1.161,208,1.227,625.97,0.501,0.821,1.024,1.925,0.632,3.045,2.128,14,0.463483483,1928.4,1966.7,329.971,2845.183662,152.5036,182.5164,0.071529573,-498.9034286,1729.453818,12,0.025354483,0.014957605,0.023529056,0.223648671,2185.919306,6078.121505,5514.12765,4885.572,0.776351329,3.992582438,1222.292993,319.9694816,147.1281085,0.003361899,0.31858803,3193.106975,2065.537062,1600.044432,0.029095305,0.680310407,17950.869,40.94068042,-9.028783593,86.89130464,338.88,339.406,342.5,373.99,5.080517641,-498.9034286,140.81,45558.4,0.745498135,0.979015279,0.888917467,2038.275221,41.91924695,182.7191176,379.32,388.034,359.08,297.33,281.665,287.05,5492.35,320.002,1,95.91997051,0.000655374,0.074289268,0.997236519,1729.453818,-29.262,6706.947,-30.815,6.58E-11,0.000213345,455.135,12,1532.2,1860.8,1724,1617.9,39.21772334,0.017947272,0.057978426,0.9981565,281.52,213.82,-146.63,115.18,118.24,257.77,-141.13,-227.1,-428.2,175.42,172.11,919.8,29.6,292.7,4456.62,2135.89,358.21,2027.6,255.45,89.12,120.82,166.15,-172.98,-852.56,2185.919306,1372.27951,2.74147249,2.59235778,1.305090458,0.001,5921.267124,317.3074596,1252.571039,7914.126154,259.7827918,1302.979082,43767,37.83306543,14.08199692,14.02083206,4,1,1,35,1,0,20,3,2,279,1680,1215,413.71,1709.5,2292,2480.7,2576.73,22.73010025,150.17,29498,5719.08,25064,2.39E-13,6078.121505,1436.385413,3248.444304,8153.100883,1467.173643,3654.382352,383.71,268.502,1284.018,422.367,4014.688,3752.401,13936.181,1962.752,60.349,522.286,96.29,8299.399823,74665.96586,7.071378979,-1.011535015,41.31513995,10.15057615,9.74056339,Mouse,6
2113,309,36375.72,9.9,11,25,5237,30.94,0.886,128.28,72670,1.998,72420,1.991,13,14,15,6,5,8,5,6,8,35,41,11,10,34,6,26,17,11,8,30,33,3979.69,6.74,3,3,560,36.72,0.433,109.09,1615,0.406,1490,0.374,0,1,2,2,2,3,1,0,1,6,1,2,1,4,0,3,0,0,1,3,753.274,1128.908,1938.445,847.161,6151.213,1.114,351,1.151,830.75,0.426,0.814,1.064,1.221,0.853,1.432,1.327,11,0.409831615,1716.1,1743.64,288.654,2283.521657,117.0264,146.0734,0.077919066,-402.1202857,1340.111617,20,0.029939121,0.008759306,0.008618397,0.251741762,1613.339539,5061.972737,4522.077475,3679.842139,0.748258238,3.037437402,1129.493458,368.3257263,287.8175258,0.004525283,0.348359058,4018.768365,2988.39835,2807.315213,0.060861652,0.651228618,15570.297,68.02288095,44.93901522,117.7771822,299.34,304.072,303.49,330.5,7.905112037,-402.1202857,122.28,39955.5,0.708693903,0.953911987,1.072062862,1809.520312,42.86262843,250.8540194,330.6,332.636,310.53,255.84,242.906,247.94,4836.82,277.851,1,95.91997051,0.02753617,0.069419385,0.997207455,1340.111617,-25.103,5967.643,-23.627,6.08E-11,0.000354388,466.161,20,1257.6,1671.9,1535.2,1343.6,36.23721775,0.003221796,0.852123158,0.52333139,219.9,183.379,-117.89,95.74,79.4,211.45,-98.7,-185.5,-328.6,133.67,136.03,760.6,10,206.9,3874.29,1831.6,306.96,1732.2,221.65,54.51,97.12,118.47,-88.57,-871.87,1613.339539,889.3429618,2.006847566,1.950050493,1.031831216,0.001,4981.466537,197.7125674,1074.62807,6997.206082,139.4690049,865.1461652,38596,33.42069795,21.81861115,21.08658028,4,1,1,30,0,0,15,5,4,213,1494,1093,344.3,1509.8,1958,2183.1,2412.92,21.29146039,126.75,25726,5092.34,21658,2.28E-13,5129.584049,1226.615251,4033.969172,7238.081247,1285.878853,3762.810291,333.69,136.385,1213.223,134.191,3919.694,3754.301,11650.603,1718.102,70.46,947.634,62.29,7229.564432,65718.15738,2.284746048,-2.487993174,68.64870259,10.97727495,10.33038371,Mouse,6
2114,309,35732.37,9.25,15,26,5172,43.58,0.906,138.74,47035,1.316,46410,1.299,9,11,18,5,10,6,10,13,6,42,50,15,12,25,5,22,14,6,9,21,31,3673.45,9.71,2,5,531,51.09,-0.132,106.77,6990,1.903,,,1,0,3,1,0,1,1,0,1,4,2,5,3,0,1,2,1,1,1,3,152.518,402.604,591.49,361.093,1340.657,1.232,160,1.271,243.87,0.347,0.962,1.264,2.425,0.754,3.218,0.813,13,0.521955631,1672.8,1715.36,289.945,2537.411752,152.115,176.6516,0.061244075,-477.8052381,867.5328778,12,0.023264872,0.009681545,0.009895627,0.259113334,1390.45594,5144.672156,4576.520011,3643.795051,0.740886666,3.041335772,1495.636679,703.6250666,488.8605154,0.012713585,0.354598562,3216.098099,2324.006234,2195.687343,0.056407135,0.644315433,15134.362,40.81267941,46.30343995,118.2668348,301.02,303.765,305.01,337.01,4.740219067,-477.8052381,123.36,41003.7,0.721189844,1.074330126,1.01329584,1234.034376,54.0957039,128.8656296,341.9,349.805,318.75,253.21,241.172,243,4943.78,276.078,1,95.91997051,0.184651951,0.058817738,0.98104237,867.5328778,-33.158,6006.385,-33.82,6.12E-11,0.000212627,352.099,12,1391.3,1622.8,1511.6,1419.6,36.49362941,0.067737565,0.234061372,0.969859215,262.91,191.557,-143.14,103.59,107.96,239.14,-136.43,-212.3,-484.5,170.19,163.87,889.9,28.6,285.1,3965.97,1917.35,315.55,1807.6,226.52,92.82,121.96,147.94,-175.22,-757.94,1390.45594,1140.641295,2.018118728,1.950979781,1.055972772,0.001,4700.48997,219.5809712,1605.230844,6484.786495,193.0802237,1487.988429,39099,33.88063829,13.23239517,12.5045948,6,3,1,27,0,0,25,3,1,216,1508,1035,378.61,1442.4,1992.1,2152.6,2293.54,21.27926437,130.98,25853,5322.84,21641,2.30E-13,5339.838356,1569.149399,3264.47516,7404.206258,1460.584005,3221.640739,347.34,146.524,926.89,149.764,3921.515,3720.739,11212.847,1637.221,192.412,853.686,97.15,7044.038388,67027.75788,2.095075768,-2.56458461,41.18818096,9.724159175,9.442373535,Mouse,6
2115,310,36229.75,9.95,15,32,5252,48.45,0.774,130.48,45170,1.247,44920,1.24,14,16,11,8,5,7,7,7,7,31,55,16,11,31,5,26,20,6,8,19,34,3986.54,8.5,3,4,565,55.1,-0.085,100.29,6990,1.753,,,0,2,3,1,0,0,2,2,1,5,3,2,0,3,0,5,2,1,1,1,215.723,766.57,1000.569,381.729,2238.015,1.18,244,1.224,393.42,0.311,0.886,1.156,1.925,0.759,2.535,1.48,13,0.475263514,1747.5,1785.23,293.045,2374.020321,139.4662,163.4986,0.06779623,-450.556,1312.455189,16,0.024025628,0.012317207,0.012414377,0.235618989,1208.460931,5238.873542,4573.364489,3835.371603,0.764381011,3.095658371,1434.683693,703.4002617,485.9591879,0.008396918,0.338820159,4027.622391,3112.030026,2828.505234,0.061176493,0.661179841,15292.753,54.42012796,13.48425459,92.10125577,310.52,314.205,313.3,336.91,6.329036992,-450.556,123.59,41505.6,0.718250651,1.049703397,1.051863029,1221.862973,59.88705739,228.9478594,339.43,346.782,320.05,251.61,241.365,243.65,4995.91,276.968,1,95.91997051,0.017001314,0.022948505,0.999592078,1312.455189,-26.92,5863.553,-30.29,6.24E-11,0.00028352,367.418,16,1355.7,1841.7,1659.6,1414.6,37.22042178,0.001191382,0.069183161,0.997603263,244.48,189.281,-140.47,100.98,90.65,226.61,-126.24,-186.4,-456.6,155.24,149.26,830.9,15,257.3,3966.16,1913.23,318.05,1824.6,227.11,63.28,119.22,134.91,-111.69,-865.7,1208.460931,551.0060264,2.028689449,1.990785618,1.089220304,0.001,4555.35709,525.0458208,1642.833808,6330.427742,455.1649458,1480.490888,39660,34.40814562,17.6002636,17.32852173,6,2,2,23,1,0,17,4,3,218,1537,1104,363.05,1510.5,2001.3,2197.6,2686.61,21.30734781,122.62,26074,5307.01,21719,2.29E-13,5265.62325,1445.863894,4093.970412,7331.177836,1377.40232,3892.113611,343.26,188.364,1036.791,189.85,3603.263,3423.967,11689.49,1658.332,128.412,935.557,81.64,7093.547935,67998.75559,-0.571213514,-3.589111012,54.9207704,10.38994958,10.24655373,Mouse,6
2117,330,38528.45,9.59,12,30,5562,35.96,0.781,132.85,62505,1.622,61880,1.606,14,13,13,5,11,13,7,6,11,35,53,17,9,25,3,28,19,8,12,28,33,4026.44,6.9,3,3,540,66.46,-0.897,47.27,10095,2.507,9970,2.476,1,2,3,1,2,2,2,0,2,1,2,1,1,1,0,4,3,1,3,1,215.723,766.57,1000.569,381.729,2238.015,1.18,244,1.224,393.42,0.311,0.886,1.156,1.925,0.759,2.535,1.48,13,0.475263514,1747.5,1785.23,293.045,2374.020321,139.4662,163.4986,0.06779623,-450.556,1312.455189,16,0.024025628,0.012317207,0.012414377,0.235618989,1208.460931,5238.873542,4573.364489,3835.371603,0.764381011,3.095658371,1434.683693,703.4002617,485.9591879,0.008396918,0.338820159,4027.622391,3112.030026,2828.505234,0.061176493,0.661179841,15292.753,54.42012796,13.48425459,92.10125577,310.52,314.205,313.3,336.91,6.329036992,-450.556,123.59,41505.6,0.718250651,1.049703397,1.051863029,1221.862973,59.88705739,228.9478594,339.43,346.782,320.05,251.61,241.365,243.65,4995.91,276.968,1,95.91997051,0.017001314,0.022948505,0.999592078,1312.455189,-26.92,5863.553,-30.29,6.24E-11,0.00028352,367.418,16,1355.7,1841.7,1659.6,1414.6,37.22042178,0.001191382,0.069183161,0.997603263,244.48,189.281,-140.47,100.98,90.65,226.61,-126.24,-186.4,-456.6,155.24,149.26,830.9,15,257.3,3966.16,1913.23,318.05,1824.6,227.11,63.28,119.22,134.91,-111.69,-865.7,1208.460931,551.0060264,2.028689449,1.990785618,1.089220304,0.001,4555.35709,525.0458208,1642.833808,6330.427742,455.1649458,1480.490888,39660,34.40814562,17.6002636,17.32852173,6,2,2,23,1,0,17,4,3,218,1537,1104,363.05,1510.5,2001.3,2197.6,2686.61,21.30734781,122.62,26074,5307.01,21719,2.29E-13,5265.62325,1445.863894,4093.970412,7331.177836,1377.40232,3892.113611,343.26,188.364,1036.791,189.85,3603.263,3423.967,11689.49,1658.332,128.412,935.557,81.64,7093.547935,67998.75559,-0.571213514,-3.589111012,54.9207704,10.38994958,10.24655373,Mouse,6
2119,334,37561.27,9.67,11,27,5403,45.66,0.797,124.88,46700,1.243,45950,1.223,23,16,10,5,12,6,6,11,14,23,55,11,12,22,14,28,23,7,5,31,33,3800.34,10.9,2,5,541,50.48,-0.436,73.94,,,,,2,3,1,0,0,1,2,0,2,3,2,2,0,3,2,5,4,0,0,1,313.049,676.457,1003.574,519.317,2926.171,1.122,277,1.149,670.22,0.437,0.844,1.071,1.24,0.913,1.358,1.145,14,0.477690722,1737.2,1769.43,287.949,2654.932599,138.0808,161.972,0.081752081,-448.2964762,753.7356085,14,0.033304809,0.00639408,0.009839747,0.219506209,668.700009,5455.694974,4883.306588,3972.656172,0.780493791,2.92307682,1198.730967,434.6887938,434.6887938,0.006488792,0.328887962,3198.608503,2227.287015,2009.452806,0.046557117,0.670200685,15404.562,47.59590209,18.1129153,97.57874138,302.42,305.093,304.46,332.19,5.478819308,-448.2964762,120.52,40115,0.719064712,1.016211107,0.950245011,3796.663514,45.58103934,161.2092737,334.24,340.896,314.27,248.24,238.551,242.23,4885.18,274.76,1,95.91997051,0.004373703,0.152378306,0.988312563,753.7356085,-24.982,5928.659,-21.224,6.20E-11,0.000247959,513.046,14,1294.2,1784.4,1558.2,1277.4,36.96532063,0.177758255,0.742960616,0.645299562,257.14,188.052,-124.86,101.15,104.34,232.02,-128.86,-209.1,-431.6,160.06,163.96,841.8,30.7,285.1,3916.71,1875.56,319.23,1794.7,224.75,94.15,105.01,153.37,-82.17,-706.33,668.700009,207.1341588,1.884414032,1.900914202,1.018427061,0.001,5333.720167,166.3406543,740.7799147,7379.990131,128.3708737,659.7949197,38131,32.9494416,16.57654953,16.84771919,2,1,1,27,0,0,21,5,2,209,1446,1107,358.3,1454.5,2089.9,2135.3,2335.22,21.09036171,118.24,25626,5022.42,20788,2.21E-13,5460.09351,1250.638878,3216.95447,7593.327029,1230.688062,3385.394748,338.5,98.498,1259.355,151.577,3381.397,3177.631,12023.165,1755.896,99.957,717.192,94.33,7142.44081,65230.99748,2.321472509,-2.474102682,48.03414144,10.71478495,10.19566553,Mouse,15
2120,295,33594.33,9.72,9,25,4825,26.84,0.684,122.54,54930,1.635,54430,1.62,13,8,18,6,8,8,3,15,9,31,42,17,12,21,4,23,20,8,7,22,32,3567.23,10.18,1,5,514,25.14,-0.212,91.25,5500,1.542,,,1,0,3,0,0,0,1,2,2,4,1,5,2,0,0,3,4,1,0,3,122.719,339.623,486.919,123.746,1017.758,1.054,81,1.064,147.15,0.449,0.841,1.128,2.22,0.878,2.53,0.892,14,0.390122034,1676.4,1702.96,292.223,1830.010734,113.978,142.3144,0.091906884,-670.3379048,1217.640299,17,0.032099237,0.016013995,0.022416848,0.255103646,606.4141072,4438.342892,3934.796621,3331.485634,0.744896354,2.42547612,1216.162353,293.626152,204.5145626,0.003805218,0.358017879,3276.313162,2122.740821,1696.020674,0.026742159,0.640577,14134.012,57.57417925,3.320576907,78.18395001,299.51,301.872,305.64,332.8,6.031838292,-670.3379048,123.93,40086.7,0.714611831,0.888166072,0.929723422,2070.281469,53.7819021,221.2528096,336.26,340.747,315.21,265.7,253.996,252.93,4819.89,282.481,1,95.91997051,9.86E-05,0.05969804,0.998216477,1217.640299,-26.497,6029.103,-24.903,6.36E-11,0.000299853,453.691,17,1216.9,1454.8,1335.6,1267.4,37.90047726,0.003660722,0.266460657,0.963838844,210.65,183.942,-103.94,98.89,87.15,211.78,-112.52,-188.7,-260,124.94,129.65,760.9,15.9,201.8,3935.65,1855.87,309.44,1703.7,225,49.67,86.93,127.59,-130.48,-839.38,606.4141072,598.0162909,1.581670886,1.606988234,0.893518889,0.001,4028.257803,227.8651095,2419.017984,5622.603452,219.3562223,2446.49321,38846,33.6119811,18.99816322,17.64588547,3,2,1,27,0,0,16,2,1,136,1497,1033,355.01,1524.7,1974,2238.3,2413.58,19.20070317,142.09,26111,5151.24,21987,2.19E-13,4438.342892,1289.71604,3291.262708,6210.844408,1452.111357,3540.044953,338.16,226.342,1299.013,316.84,3605.638,3408.609,10528.374,1565.033,53.783,377.974,54.48,6625.069825,65861.50204,2.400134576,-2.482759888,58.10813664,9.808598763,9.92992165,Mouse,6
2121,305,35520.72,9.94,11,26,5107,35.5,0.712,123.31,77015,2.168,76890,2.165,11,11,13,3,2,5,8,15,10,31,47,15,16,25,5,30,15,11,11,21,33,4057.51,6.92,3,3,555,72.02,-0.636,67.88,13980,3.445,,,1,2,3,1,0,2,2,1,2,3,1,1,1,2,0,4,1,2,2,2,377.934,868.34,1283.832,366.056,3659.86,1.09,236,1.123,714.13,0.532,0.79,1.007,1.2,0.891,1.347,1.126,14,0.393191781,1666.6,1693.64,289.295,2442.092874,114.9602,142.0746,0.080786123,-387.5537143,966.574779,16,0.036603809,0.007189825,0.013061406,0.255687997,623.8066877,5269.186773,4745.032094,4003.518004,0.744312003,3.005195668,1263.199219,489.569376,356.8529982,0.006703562,0.352329538,3595.619604,2399.364248,2123.749639,0.050924148,0.646645282,15781.609,54.42089136,2.432684665,77.3300094,296.38,298.319,302.1,329.45,6.331107841,-387.5537143,122.75,39619.3,0.715807619,0.988055382,0.993770984,3680.588632,45.73191951,161.5951393,333.09,337.426,312.51,262.96,251.683,250.83,4775.9,279.825,1,95.91997051,0.118495048,0.002980109,0.992950171,966.574779,-26.359,5959.733,-24.706,6.19E-11,0.000283525,577.667,16,1216.5,1462,1342.6,1268.6,36.90899577,0.352045822,0.345085238,0.870045929,211.39,182.524,-104.33,97.98,88.75,210.02,-111.42,-189.4,-261.4,124.48,129.29,753.2,16,201.9,3894.91,1834.81,306.6,1693,222.6,52.41,86.33,129.19,-126.01,-816.74,623.8066877,521.198337,1.95165342,1.941957451,1.053522481,0.001,5216.111162,276.2961056,2362.289548,7277.832876,196.8022809,2151.630234,38402,33.20431589,18.02558327,16.78775024,2,1,1,29,0,0,23,2,2,206,1485,1025,351.93,1518.3,1967.5,2216.6,2358.67,21.31399746,138.69,25847,5067.17,21808,2.23E-13,5269.186773,1310.384407,3693.536893,7361.177264,1326.225666,3716.688205,334.88,113.467,1274.935,206.13,4035.168,3831.126,11746.441,1729.937,105.793,803.665,55.95,7360.468648,65142.86527,2.492305137,-2.427322322,54.92152757,10.11863197,9.926726902,Mouse,6
2122,309,36016.35,9.57,9,24,5183,28.52,0.896,126.47,69245,1.923,68870,1.912,12,6,15,5,7,6,4,11,8,40,43,18,10,33,2,29,19,9,13,19,36,4325.11,8.39,2,3,614,22.35,0.247,94.72,8480,1.961,,,1,0,3,1,0,1,1,1,1,3,4,3,2,4,1,1,4,2,2,2,81.87,122.525,232.089,107.227,408.032,1.024,59,0.969,112.5,0.385,0.988,1.392,2.215,1.062,2.085,0.489,13,0.541033333,1687.6,1721.06,296.302,2382.079972,162.1366,176.6592,0.086395304,-484.7518095,710.2782809,15,0.025201106,0.011017853,0.017003221,0.232479604,1301.945975,5278.505685,4769.352235,4055.0322,0.767520396,3.189920503,1170.959092,483.0150642,444.3259603,0.009643205,0.33670371,3306.27862,2196.715749,1821.730372,0.042323178,0.66329629,15380.674,51.02854392,48.25922204,106.0393644,308.59,310.711,311.51,349.89,5.959681972,-484.7518095,124.88,42263.3,0.739388057,0.977225234,0.985106828,2381.61127,45.19298131,199.2290424,351.7,359.186,329.99,260,244.693,248.23,5061.87,283.174,1,95.91997051,0.153851201,0.003771395,0.988086831,710.2782809,-35.843,5960.479,-41.734,6.16E-11,0.000265855,387.61,15,1504.6,1782.4,1641.4,1590.9,36.74022915,0.588744839,0.110145562,0.800779289,264.07,197.95,-150.67,104.02,113.46,245.48,-142.89,-238.8,-498.2,161.6,162.82,877,22.8,269.9,4031.23,1950.19,325.97,1863.5,231.07,102.97,133.27,150.21,-156.42,-804.15,1301.945975,766.4828331,2.066643304,2.066727962,1.093274965,0.001,5034.763743,171.8323006,734.6738239,6834.486508,167.1646477,746.151287,40436,35.11178746,16.55964851,15.96410561,3,1,1,28,0,0,17,4,3,222,1545,1040,376.92,1530.3,1990.3,2204.7,2250.11,21.39709781,127.78,26564,5518.68,22221,2.36E-13,5282.80479,1236.584208,3336.452132,7144.833811,1265.403477,3386.893721,356.55,169.462,1328.818,261.521,3575.693,3390.839,11804.981,1795.416,148.319,650.959,106.99,7137.15705,69563.92397,2.142075667,-2.604919165,51.49781728,10.06444073,9.773851929,Mouse,6
2123,333,38031.81,9.68,11,24,5492,39.3,0.896,132.28,42650,1.121,42400,1.115,15,10,13,8,5,9,3,12,11,37,55,14,14,30,7,36,16,5,10,23,49,5449.09,4.2,2,0,755,25.02,0.5,93.47,4470,0.82,,,2,0,4,2,0,2,0,2,1,3,6,0,1,6,0,10,4,0,3,3,263.861,736.591,1044.401,808.586,3497.671,1.189,315,1.245,695.95,0.4,0.875,1.15,2.114,0.674,3.137,1.52,14,0.477138138,1939.8,1978.08,329.754,2778.599438,156.3666,182.127,0.063845059,-530.1440952,1556.346402,14,0.020505584,0.009945853,0.018858735,0.238407284,1693.602137,5946.171869,5143.323464,4272.895695,0.761592716,3.884599927,1337.977806,423.7627049,236.947904,0.004843156,0.325931141,3461.196331,2502.305751,2171.736242,0.035194378,0.67404955,17712.005,47.73434731,-8.561337067,82.54841093,342.37,344.103,347.06,377.84,5.849385905,-530.1440952,139.56,45901.9,0.713172098,0.917672051,0.916260683,4196.022651,43.26560028,165.7204841,380.87,389.157,359.33,293.08,278.655,281.56,5515.1,316.887,1,95.91997051,0.036713302,1.81E-05,0.999325839,1556.346402,-28.604,6696.67,-31.528,6.58E-11,0.000248736,363.195,14,1510.5,1937.4,1749.8,1583.5,39.23938413,0.034312335,0.009616152,0.999364895,282.88,214.463,-149.91,114.52,117.67,259.65,-146.4,-237.5,-458.8,170.91,173.75,937,29,298.4,4460.47,2142.91,360.86,2040.2,255.82,96.56,127.85,166.56,-140.45,-865.87,1693.602137,1254.492022,2.525413457,2.70167295,1.188455499,0.001,5961.848272,170.7916725,1267.249213,8338.768819,166.0780211,1233.44251,43962,38.03035063,16.59310341,14.76844978,2,1,1,35,0,0,23,3,3,261,1691,1229,410.57,1712.3,2305.1,2468,2580.82,22.44649784,147.09,29467,5779.44,24845,2.40E-13,5984.972552,1389.627126,3492.392771,8392.045303,1514.29601,3811.571134,385.77,176.161,1130.824,334.026,4222.671,3983.856,13489.334,1841.358,85.782,623.363,103.3,8193.204425,75073.80237,6.254674474,-1.300327272,48.17145873,10.09658534,9.83898873,Mouse,6
2125,311,36072.37,10.02,11,28,5224,40.87,0.782,134.82,74160,2.056,73910,2.049,20,13,18,9,4,7,2,5,6,42,47,15,10,23,5,28,19,11,9,18,33,3938.56,10.05,2,5,549,72.72,-0.47,76.67,5500,1.396,5500,1.396,0,3,4,2,1,1,0,0,1,2,3,2,2,2,1,5,1,1,0,2,391.106,1032.361,1470.158,462.293,3364.283,1.117,307,1.142,550.86,0.4,0.841,1.074,1.473,0.929,1.586,1.087,14,0.454722973,1711.3,1744.59,293.178,2287.334127,133.4252,162.0764,0.086897821,-430.7867619,804.9661988,16,0.020449277,0.010397425,0.009579301,0.255160375,655.0887101,5253.913865,4598.026847,4020.280629,0.744839625,3.07996955,1311.77765,501.8682919,349.467386,0.006773557,0.353067782,3618.948077,2633.505583,2558.173586,0.058629214,0.646246605,15357.071,54.41581989,23.22387034,99.84767629,305.75,308.899,307.62,342.28,6.317343008,-430.7867619,124.56,41093.3,0.723202128,1.002278159,1.071494079,1821.913656,50.2477462,147.166125,342.75,347.265,321.49,258.35,240.344,248.06,4977.95,281.131,1,95.91997051,0.062082877,0.071006903,0.995541931,804.9661988,-32.671,6096.389,-36.494,6.21E-11,0.000283496,314.041,16,1405.7,1717.7,1667.5,1539.2,37.00277916,0.078479185,0.996915501,0.000708193,240.58,188.978,-130.54,99.93,94.39,226.66,-108.1,-209,-410,148.86,145.26,791.9,16.6,233.3,3957.82,1886.24,313.61,1794.1,226.31,65.91,104.12,133.07,-128.35,-879.68,655.0887101,277.3532102,2.015844092,1.986418656,1.077099231,0.001,5104.797216,649.0331463,2148.627115,7063.010619,557.2581674,1818.054372,39595,34.3265845,17.36065102,16.87572289,4,1,1,27,1,1,23,3,1,216,1524,1073,366.76,1531.4,1990.5,2216.6,2316.35,21.2697926,127.19,26330,5267.34,22775,2.30E-13,5270.447331,1359.7799,3626.815528,7287.654626,1356.689147,3384.820876,348.27,159.674,1334.496,147.11,3918.516,3740.44,11438.555,1629.715,104.022,900.373,83.9,7157.136995,67755.56025,6.053473311,-1.100498381,54.91649748,10.40901254,10.25060357,Mouse,6
2126,307,36106.09,10.04,10,24,5161,36.08,0.718,119.97,83795,2.321,83420,2.31,12,18,12,6,6,9,4,11,9,21,54,6,9,33,10,29,15,13,8,22,35,4504.09,9.98,1,4,624,37.09,-0.751,47.43,13980,3.104,,,1,4,3,1,0,1,2,2,1,2,2,2,0,6,0,0,4,2,2,0,501.208,789.812,1344.867,492.624,2979.065,1.122,198,1.108,421.2,0.4,0.881,1.184,1.046,1.107,0.945,1.204,13,0.448859532,1717.9,1740.89,295.822,2492.206738,131.8414,154.746,0.098251826,-446.154381,495.9975493,14,0.023610069,0.010946859,0.013493465,0.23647405,463.6783051,5445.996802,4869.715362,3912.365943,0.76352595,3.30609133,1240.916828,509.2876896,286.432244,0.008581314,0.338653261,3198.342607,2145.411588,1891.126041,0.044400121,0.660674762,15668.696,47.65229525,14.05690761,94.61789991,304.06,309.449,308.66,340.86,5.631524651,-446.154381,124.51,42279.2,0.729673387,0.996830266,0.920296014,1899.550214,46.81305681,208.9394675,341.21,344.27,319.93,267.37,253.163,257.15,4999.67,285.506,1,95.91997051,0.00122262,0.082982158,0.996550283,495.9975493,-28.243,5896.046,-30.764,6.22E-11,0.000248275,369.939,14,1430.4,1912.1,1715.6,1436.7,37.05618116,0.102465993,0.994540822,0.019730037,261.54,191.338,-135.8,99.41,90.45,239.61,-123.31,-224.4,-466.8,159.31,156.7,929.1,22,211.6,3988.17,1919.99,318.17,1830.9,230.03,85.7,112.07,135.34,-104.27,-925.23,463.6783051,551.1736844,2.179410373,2.167982212,1.069749812,0.001,5125.760743,233.1394429,1684.392024,6948.74353,190.1959837,1834.003078,40467,35.14339699,16.05760384,15.9069109,4,2,2,28,0,0,17,2,2,213,1530,1123,347.82,1477.7,1998.8,2207.9,2386.61,21.65055726,136.97,26616,5521.09,21027,2.35E-13,5544.204957,1306.610812,3268.864704,7598.200857,1310.765591,3551.970947,342.37,171.523,1539.478,211.425,3705.24,3525.47,11963.456,1737.164,134.458,695.692,86.61,7269.375555,68994.69409,6.600474916,-0.926468968,48.09007454,10.79978676,10.07720353,Mouse,6
2135,320,36391.96,9.65,7,23,5236,33.98,0.841,125.41,74535,2.048,73910,2.031,15,10,12,3,10,8,4,15,10,27,49,13,12,22,13,25,21,11,9,31,36,4288.83,9.05,1,3,584,40.23,-0.603,54.17,9970,2.325,9970,2.325,1,1,4,0,1,2,1,3,3,2,2,2,1,3,1,3,1,1,3,1,192.104,419.462,658.121,195.264,1081.965,1.184,143,1.133,251.42,0.386,0.972,1.329,1.244,1.197,1.04,1.295,13,0.49455,1721.1,1747.36,296.692,2404.700851,147.0702,166.9698,0.079725583,-496.131619,810.6624697,17,0.019664885,0.010087663,0.010994974,0.22120259,1538.388256,5221.79463,4589.704996,3630.429367,0.77879741,3.15074463,1269.567202,536.2766788,333.1641577,0.00754698,0.32964938,3441.85618,2300.420469,2001.279895,0.045207006,0.67035062,15012.496,57.82864713,61.70650938,114.0472437,304.44,307.786,308.41,345.74,6.744283421,-496.131619,124.57,41553.8,0.708299069,1.081888564,0.970818816,1844.912917,57.13813769,170.0662999,347.65,352.461,322.8,264.73,250.221,255.15,5053.73,286.579,1,95.91997051,0.024007123,0.104310461,0.99425499,810.6624697,-30.601,6182.586,-24.28,6.19E-11,0.000301281,295.219,17,1388.8,1723.1,1520.5,1381.9,36.87522564,0.00035753,0.00082823,0.999999593,265.24,196.708,-130.72,103.05,107.65,246.26,-129.69,-234.1,-442.2,164.86,171.31,913.3,28.9,268.6,4038.38,1926.27,323.27,1826.5,231.36,110.18,109.98,154.24,-105.37,-741.68,1538.388256,442.4750644,2.063137505,2.044966244,1.048639246,0.001,4704.414574,211.6488873,1272.876558,6621.845207,191.9492408,1136.296698,39715,34.39217679,18.94108963,18.63314056,4,3,1,21,0,0,21,5,1,200,1493,1090,368.9,1494.2,2077.2,2191.7,2164.04,21.36681993,133.38,26609,5404.66,21126,2.31E-13,5227.000408,1298.159052,3467.174842,7379.651668,1199.900892,3571.392297,351.38,151.441,1196.88,165.062,3320.803,3119.644,11691.693,1609.579,113.299,678.67,91.01,6952.039185,67970.57079,0.717572667,-3.13884083,58.36052047,10.14433968,9.748919882,Mouse,6
2137,333,38227.41,9.65,16,30,5454,34.94,0.534,112.67,59275,1.551,58900,1.541,12,14,14,8,6,9,8,16,8,33,46,16,15,28,7,42,14,8,10,19,34,4198.88,9.31,4,6,591,34.53,-0.821,71.76,4470,1.065,,,1,3,3,1,0,1,3,0,0,2,4,3,3,1,1,2,3,0,3,0,103.18,184.685,284.262,155.167,532.778,1.142,66,1.169,107.7,0.405,0.976,1.247,4.073,0.553,7.369,0.314,14,0.427906977,1729.7,1760.78,298.503,2202.213291,128.208,160.3536,0.088264728,-429.9733333,660.7762766,10,0.023638255,0.011207557,0.012056099,0.260426231,880.8080801,4886.701414,4372.278226,3535.986527,0.739573769,3.188320041,1854.861695,953.6414809,697.8548209,0.016586649,0.353233095,3271.35748,2181.590495,2034.10483,0.047240355,0.646766905,15018.706,34.01512709,7.301423623,97.20791497,309.23,311.58,312.56,340.08,3.962554608,-429.9733333,127.57,41549.1,0.73084631,1.096676523,0.991614078,1683.920875,71.98945209,145.243678,339.32,348.526,322.99,269.13,255.977,258.69,4933,286.16,1,95.91997051,0.936200244,0.056486411,0.34689824,660.7762766,-23.273,6027.221,-25.779,6.30E-11,0.000177215,355.016,10,1277.2,1596.4,1472.2,1337.1,37.53305521,0.443126572,0.895342065,0.044737314,232.58,188.319,-126.69,100.56,88.17,221.73,-111.81,-184.7,-328.9,141.76,131.68,830,14.7,208.8,4008.61,1907.35,316.66,1800.7,229.56,51.75,103.04,128.2,-144.53,-921.03,880.8080801,508.4624288,2.095964663,2.074932675,1.069026911,0.001,4470.044215,385.5098661,1643.839816,6075.549939,241.1590044,1497.108138,40209,34.86103075,11.57250023,11.81543255,4,2,1,24,0,0,23,2,2,210,1556,1100,363.6,1561.9,2000.4,2267.8,2611.88,21.34282834,143.57,26784,5346.12,22589,2.30E-13,4922.749431,1894.779409,3312.590545,6735.6835,1727.74685,3340.604594,345.71,168.323,1325.622,181.067,3911.265,3719.275,11107.441,1593.495,249.11,709.489,65.32,7002.404963,68271.57266,2.213171096,-2.59093017,34.32800783,9.652211181,9.488543975,Mouse,6
2138,331,36966.36,9.22,11,23,5288,49.93,0.822,122.54,46825,1.267,45950,1.243,26,12,11,6,14,12,5,11,10,24,54,11,12,24,12,36,13,7,5,26,35,4169.78,6.9,2,2,578,47.37,0.334,89.14,7115,1.706,6990,1.676,1,1,2,1,2,1,1,0,2,1,6,1,0,5,0,5,3,1,1,1,786.792,1480.065,2340.599,949.75,8334.78,1.066,361,1.102,1110.63,0.579,0.754,0.974,0.975,0.892,1.093,1.027,12,0.405112583,1779.1,1805.45,299.144,2348.785087,120.1314,145.0214,0.076816883,-424.7342857,635.1686669,8,0.019360351,0.009661433,0.011551493,0.248743232,762.9910975,5157.202432,4560.331594,3678.374013,0.751256768,3.206639871,1792.205615,775.7745991,696.3149251,0.010085659,0.346723429,3195.078236,1956.522604,1774.617903,0.035128257,0.652776018,16246.038,27.23545202,31.29439624,100.471534,312.92,318.162,319.92,334.59,3.232949923,-424.7342857,125.54,40460.7,0.705776365,1.036260855,0.963141956,1853.655683,53.86204796,159.2853515,334.99,339.596,314.6,270.11,260.543,258.93,4851.42,286.171,1,95.91997051,0.327175369,0.008907344,0.944921657,635.1686669,-23.069,6097.149,-17.301,6.21E-11,0.000141903,314.529,8,1155.2,1616.4,1337,1144.7,37.04405747,0.381430426,0.236659763,0.893589943,240.52,190.855,-101.73,104.28,103.12,229.99,-123.68,-202.5,-286.3,152.42,148.95,842.2,36.7,273.6,4035.34,1920.37,329.06,1748.6,232.04,76.62,85.75,146.6,-98.38,-728.04,762.9910975,872.5522221,2.124632861,2.118644996,1.017838441,0.001,5033.014226,289.9995028,743.8553661,7126.69085,232.5184593,685.7642921,38947,33.56169406,9.843305588,9.080397606,4,1,1,33,0,0,21,5,2,208,1495,1121,355.13,1543.8,2149,2250.7,2161.6,21.74625375,157.37,26686,5150.71,22298,2.24E-13,5233.065482,1841.899352,3221.702504,7414.622732,1777.447583,3344.992382,339.4,156.96,1247.97,187.666,4041.092,3792.239,12204.946,1626.833,163.852,570.695,74.79,7554.650803,65473.28309,6.500927815,-0.982612888,27.48556623,9.633934748,8.544250782,Mouse,6
2139,319,36308.06,9.95,8,23,5202,42.71,0.646,120.38,57660,1.588,57410,1.581,20,12,24,2,5,9,6,7,7,29,45,11,10,25,10,37,17,8,9,26,34,3934.46,9.11,1,3,546,18.26,-0.288,77.06,1490,0.379,1490,0.379,0,0,9,0,1,0,1,0,1,1,2,3,1,3,0,3,3,0,1,5,644.193,1258.851,1954.257,688.948,5809.848,1.097,346,1.141,1229.31,0.493,0.777,1.019,1.046,0.812,1.288,1.121,10,0.384984326,1853.8,1874.32,316.749,2439.095864,120.6056,147.7622,0.080060643,-395.3126667,1013.374985,16,0.022321035,0.020250584,0.025619752,0.264174658,1090.849384,5457.110775,4868.419122,4011.43843,0.735825342,3.861047831,1250.046841,432.7466158,360.2939103,0.006117039,0.357520853,3677.252734,2156.841907,1757.228698,0.031880803,0.641829053,17908.175,54.57746728,-8.888925051,69.11180801,323.79,328.02,328.23,356.9,6.747663534,-395.3126667,134.56,43089.1,0.707034859,0.941720119,0.882356881,1303.38461,43.12077232,175.1397553,359.52,363.692,339.31,289.4,275.71,278.22,5233.94,306.028,1,95.91997051,0.004739046,0.000275604,0.999988733,1013.374985,-24.961,6414.085,-20.458,6.62E-11,0.000284403,399.729,16,1272.1,1619.9,1492.6,1393.1,39.47120301,8.64E-05,0.324822498,0.945774993,226.43,198.331,-111.89,104.7,89.4,224.29,-107.39,-210.2,-255.9,139.39,139.63,839.7,15.2,206.2,4230.69,1980.37,333.44,1855.9,241.9,56.2,91.05,130.89,-125.43,-955.48,1090.849384,530.13219,2.762534091,2.42394399,1.18337015,0.001,4800.406772,188.246211,1856.531267,6681.226746,162.395953,1983.980448,41989,36.3085817,17.56838417,16.76968384,6,2,2,32,0,0,24,4,1,264,1620,1180,378.76,1681.5,2158.3,2425.6,2221.94,22.64616551,153.98,28501,5443.34,24813,2.28E-13,5529.230122,1299.446362,3708.858436,7820.307659,1379.864714,4203.354126,362.08,362.651,1433.74,458.803,4730.886,4524.16,13177.289,1957.736,109.545,570.927,64.1,8347.263565,70988.87156,7.196702194,-0.860936703,55.07682873,10.37119655,10.14835099,Mouse,6
2140,312,35555.42,9.81,10,22,5122,37.12,0.836,37.12,53190,1.496,52940,1.489,16,9,20,6,4,5,4,7,7,32,45,13,10,29,5,33,26,8,6,27,32,3684.12,6.92,2,2,517,39.23,0.15,109.38,2980,0.809,,,0,1,4,2,0,0,0,0,2,6,0,1,0,2,0,6,2,0,2,4,433.314,826.502,1308.236,431.58,3181.633,1.109,175,1.147,622.89,0.547,0.804,0.991,1.161,0.845,1.373,1.019,13,0.454480769,1815.7,1841.13,308.87,2585.572446,141.0942,169.2316,0.078020107,-473.6573333,586.6438183,13,0.024572189,0.012890573,0.01522158,0.236084558,1532.016147,5598.642863,4979.899326,4320.513353,0.763915442,3.37368364,1168.072401,401.6336281,323.1355978,0.006367122,0.332523942,3404.301223,2234.202848,1966.356033,0.035181824,0.667456123,17156.103,44.26743689,6.769170168,92.15523241,318.98,320.781,321.58,356.07,5.279824243,-473.6573333,130.48,42638.1,0.725812063,1.008614142,0.915256123,2571.208696,50.07566783,143.9843633,359.73,368.244,339.94,275.15,259.205,263.97,5201.34,297.107,1,95.91997051,0.000419532,0.036331064,0.999339721,586.6438183,-31.673,6214.477,-30.695,6.47E-11,0.000230647,421.563,13,1360,1710.4,1562.9,1480.6,38.578235,0.11098733,0.012894917,0.993738162,241.61,197.904,-126.97,106.37,104.49,233.84,-131.17,-220.6,-343,152.27,150.16,825.8,23.5,260.9,4160.54,1978.49,336.38,1868.7,238.59,66.56,106.89,149.94,-134.19,-868.39,1532.016147,651.0648222,2.196499748,2.255322361,1.212617392,0.001,5557.174015,196.0438975,999.6730454,7606.051808,150.5065584,1025.862804,41111,35.55290563,14.59767914,14.34520626,3,1,1,24,0,0,26,5,2,265,1582,1144,383.68,1641.7,2148.8,2342.1,2232.27,21.84981239,142.9,27812,5356.08,24138,2.28E-13,5598.642863,1212.168642,3426.346823,7713.626089,1201.816028,3743.593447,362.8,221.152,1338.521,261.143,4050.291,3822.166,13105.812,1860.827,109.235,603.583,90.49,7945.937565,69944.22407,5.797501923,-1.327388999,44.67379242,10.42675054,10.07797296,Mouse,6
2144,319,36558.72,9.84,9,25,5235,39.14,0.632,120.41,57090,1.562,56840,1.555,18,13,19,3,4,4,6,12,11,34,45,12,17,20,10,33,16,6,16,20,35,3998.71,9.4,1,3,571,35.64,0.383,100,2980,0.745,,,0,0,4,1,0,0,0,0,0,4,2,3,2,3,2,6,2,0,2,4,363.439,736.327,1135.806,235.131,1953.059,1.109,172,1.1,362.21,0.394,0.86,1.109,0.902,1.094,0.825,0.574,12,0.412386667,1725.1,1749.53,297.79,2214.030695,123.4968,149.8788,0.080420179,-462.111619,569.6422838,16,0.029040372,0.004652794,0.013176113,0.258402172,1957.850661,4919.653481,4437.050356,3626.528115,0.741597828,3.078291415,1305.399577,544.7414966,476.585854,0.008983451,0.351822471,3501.012316,2337.550974,2201.263218,0.050264748,0.647412155,15210.859,54.4162853,34.78317761,104.3196931,304.38,307.011,308.14,335.58,6.318606961,-462.111619,126.72,40830.7,0.713924346,0.948518073,0.998894141,3449.183364,44.73606882,167.2960579,336.1,340.998,319.44,272.15,258.833,262.09,4882.45,289.538,1,95.91997051,0.039714625,0.00518095,0.999197631,569.6422838,-21.668,6195.107,-21.677,6.19E-11,0.000283499,441.729,16,1266.1,1521.4,1417.8,1352,36.89946392,0.204164607,0.098882594,0.973929692,226.15,189.062,-117.2,99.07,89.67,216.6,-105.05,-200,-290.2,136.41,139.43,797.6,16,200.9,3993.9,1883.31,316.22,1792.3,228.49,68.61,98,125.18,-143.88,-858.88,1957.850661,1401.517407,1.989792407,2.009808869,1.069053037,0.001,4848.780094,243.8846035,1157.857591,6763.05424,175.0510966,1026.297557,39595,34.2545477,18.103508,15.69189644,2,1,1,31,0,0,21,5,1,216,1523,1098,360.96,1546.7,2005,2255.4,2281.95,21.27385219,135.17,26630,5154.12,22887,2.30E-13,4924.911955,1315.422064,3509.332094,6898.366729,1386.818133,3513.217216,341.63,70.773,1223.26,200.42,3930.519,3696.053,11280.34,1650.88,136.646,764.57,69.92,7084.165655,67055.2839,2.207800333,-2.580284733,54.91695909,10.46566841,9.969483234,Mouse,6
